image_path,mask_path,label,folder,view,stone_id,pred,true,fold,prob_COM,prob_Otros
/home/ikk/renal-calculi-classificaction/DATASET/RESIZED/6/surface/6_2023SE_3.jpg,/home/ikk/renal-calculi-classificaction/DATASET/RESIZED/6/surface/MASKS/6_2023SE_3_mask.png,1,6,surface,6_2023SE,1,1,1,0.11062378,0.8893762
/home/ikk/renal-calculi-classificaction/DATASET/RESIZED/6/surface/6_3260SE.jpg,/home/ikk/renal-calculi-classificaction/DATASET/RESIZED/6/surface/MASKS/6_3260SE_mask.png,1,6,surface,6_3260SE,1,1,1,0.013229132,0.98677087
/home/ikk/renal-calculi-classificaction/DATASET/RESIZED/6/surface/6_2784SE.jpg,/home/ikk/renal-calculi-classificaction/DATASET/RESIZED/6/surface/MASKS/6_2784SE_mask.png,1,6,surface,6_2784SE,1,1,1,0.009022474,0.9909775
/home/ikk/renal-calculi-classificaction/DATASET/RESIZED/6/surface/6_2351SE.png,/home/ikk/renal-calculi-classificaction/DATASET/RESIZED/6/surface/MASKS/6_2351SE_mask.png,1,6,surface,6_2351SE,1,1,1,0.09638983,0.90361017
/home/ikk/renal-calculi-classificaction/DATASET/RESIZED/6/section/6_2535SE_1.png,/home/ikk/renal-calculi-classificaction/DATASET/RESIZED/6/section/MASKS/6_2535SE_1_mask.png,1,6,section,6_2535SE,1,1,1,0.027442038,0.97255796
/home/ikk/renal-calculi-classificaction/DATASET/RESIZED/6/section/6_2535SE_2.png,/home/ikk/renal-calculi-classificaction/DATASET/RESIZED/6/section/MASKS/6_2535SE_2_mask.png,1,6,section,6_2535SE,1,1,1,0.009934187,0.9900658
/home/ikk/renal-calculi-classificaction/DATASET/RESIZED/6/section/6_3198SE.jpg,/home/ikk/renal-calculi-classificaction/DATASET/RESIZED/6/section/MASKS/6_3198SE_mask.png,1,6,section,6_3198SE,0,1,1,0.8044495,0.1955505
/home/ikk/renal-calculi-classificaction/DATASET/RESIZED/6/section/6_2023SE_1.jpg,/home/ikk/renal-calculi-classificaction/DATASET/RESIZED/6/section/MASKS/6_2023SE_1_mask.png,1,6,section,6_2023SE,1,1,1,0.008527815,0.9914722
/home/ikk/renal-calculi-classificaction/DATASET/RESIZED/6/section/6_2023SE_2.jpg,/home/ikk/renal-calculi-classificaction/DATASET/RESIZED/6/section/MASKS/6_2023SE_2_mask.png,1,6,section,6_2023SE,1,1,1,0.0037991405,0.99620086
/home/ikk/renal-calculi-classificaction/DATASET/RESIZED/8aI - 8aII/surface/8aI_2044SE_1.jpg,/home/ikk/renal-calculi-classificaction/DATASET/RESIZED/8aI - 8aII/surface/MASKS/8aI_2044SE_1_mask.png,1,8aI - 8aII,surface,8aI_2044SE,1,1,1,0.15586495,0.84413505
/home/ikk/renal-calculi-classificaction/DATASET/RESIZED/8aI - 8aII/section/8aII_1951SE.jpg,/home/ikk/renal-calculi-classificaction/DATASET/RESIZED/8aI - 8aII/section/MASKS/8aII_1951SE_mask.png,1,8aI - 8aII,section,8aII_1951SE,1,1,1,0.023732245,0.97626776
/home/ikk/renal-calculi-classificaction/DATASET/RESIZED/8aI - 8aII/section/8aI_2044SE_2.jpg,/home/ikk/renal-calculi-classificaction/DATASET/RESIZED/8aI - 8aII/section/MASKS/8aI_2044SE_2_mask.png,1,8aI - 8aII,section,8aI_2044SE,1,1,1,0.085547745,0.91445225
/home/ikk/renal-calculi-classificaction/DATASET/RESIZED/8aI - 8aII/section/8aII_2279SE.png,/home/ikk/renal-calculi-classificaction/DATASET/RESIZED/8aI - 8aII/section/MASKS/8aII_2279SE_mask.png,1,8aI - 8aII,section,8aII_2279SE,1,1,1,0.076351106,0.9236489
/home/ikk/renal-calculi-classificaction/DATASET/RESIZED/8aI - 8aII/section/8aII_3053SE.png,/home/ikk/renal-calculi-classificaction/DATASET/RESIZED/8aI - 8aII/section/MASKS/8aII_3053SE_mask.png,1,8aI - 8aII,section,8aII_3053SE,1,1,1,0.07000601,0.929994
/home/ikk/renal-calculi-classificaction/DATASET/RESIZED/3aII/surface/3aII_1976SE.jpg,/home/ikk/renal-calculi-classificaction/DATASET/RESIZED/3aII/surface/MASKS/3aII_1976SE_mask.png,1,3aII,surface,3aII_1976SE,1,1,1,0.32787484,0.67212516
/home/ikk/renal-calculi-classificaction/DATASET/RESIZED/3aII/surface/3aII_2224SE.jpg,/home/ikk/renal-calculi-classificaction/DATASET/RESIZED/3aII/surface/MASKS/3aII_2224SE_mask.png,1,3aII,surface,3aII_2224SE,0,1,1,0.8353056,0.1646944
/home/ikk/renal-calculi-classificaction/DATASET/RESIZED/3aII/surface/3aII_1820SE.jpg,/home/ikk/renal-calculi-classificaction/DATASET/RESIZED/3aII/surface/MASKS/3aII_1820SE_mask.png,1,3aII,surface,3aII_1820SE,1,1,1,0.018941402,0.9810586
/home/ikk/renal-calculi-classificaction/DATASET/RESIZED/3aII/surface/3aII_2682SE.png,/home/ikk/renal-calculi-classificaction/DATASET/RESIZED/3aII/surface/MASKS/3aII_2682SE_mask.png,1,3aII,surface,3aII_2682SE,1,1,1,0.24961823,0.75038177
/home/ikk/renal-calculi-classificaction/DATASET/RESIZED/3bII/surface/3bII_3007SE.jpg,/home/ikk/renal-calculi-classificaction/DATASET/RESIZED/3bII/surface/MASKS/3bII_3007SE_mask.png,1,3bII,surface,3bII_3007SE,1,1,1,0.040542483,0.9594575
/home/ikk/renal-calculi-classificaction/DATASET/RESIZED/3bII/surface/3bII_7.png,/home/ikk/renal-calculi-classificaction/DATASET/RESIZED/3bII/surface/MASKS/3bII_7_mask.png,1,3bII,surface,3bII_7,1,1,1,0.40468854,0.59531146
/home/ikk/renal-calculi-classificaction/DATASET/RESIZED/3bII/surface/3bII_2258SE.png,/home/ikk/renal-calculi-classificaction/DATASET/RESIZED/3bII/surface/MASKS/3bII_2258SE_mask.png,1,3bII,surface,3bII_2258SE,1,1,1,0.008149087,0.9918509
/home/ikk/renal-calculi-classificaction/DATASET/RESIZED/3bII/surface/3bII_2699SE.jpg,/home/ikk/renal-calculi-classificaction/DATASET/RESIZED/3bII/surface/MASKS/3bII_2699SE_mask.png,1,3bII,surface,3bII_2699SE,0,1,1,0.79172605,0.20827395
/home/ikk/renal-calculi-classificaction/DATASET/RESIZED/3bII/surface/3bII_1985SE_1.jpg,/home/ikk/renal-calculi-classificaction/DATASET/RESIZED/3bII/surface/MASKS/3bII_1985SE_1_mask.png,1,3bII,surface,3bII_1985SE,1,1,1,0.021946311,0.9780537
/home/ikk/renal-calculi-classificaction/DATASET/RESIZED/3bII/section/3bII_2065SE.jpg,/home/ikk/renal-calculi-classificaction/DATASET/RESIZED/3bII/section/MASKS/3bII_2065SE_mask.png,1,3bII,section,3bII_2065SE,1,1,1,0.018712223,0.9812878
/home/ikk/renal-calculi-classificaction/DATASET/RESIZED/3bII/section/3bII_1985SE_2.jpg,/home/ikk/renal-calculi-classificaction/DATASET/RESIZED/3bII/section/MASKS/3bII_1985SE_2_mask.png,1,3bII,section,3bII_1985SE,1,1,1,0.2010324,0.7989676
/home/ikk/renal-calculi-classificaction/DATASET/RESIZED/3bII/section/3bII_2451SE.png,/home/ikk/renal-calculi-classificaction/DATASET/RESIZED/3bII/section/MASKS/3bII_2451SE_mask.png,1,3bII,section,3bII_2451SE,1,1,1,0.47084165,0.52915835
/home/ikk/renal-calculi-classificaction/DATASET/RESIZED/3bII/section/3bII_1862SE.jpg,/home/ikk/renal-calculi-classificaction/DATASET/RESIZED/3bII/section/MASKS/3bII_1862SE_mask.png,1,3bII,section,3bII_1862SE,0,1,1,0.88460135,0.115398645
/home/ikk/renal-calculi-classificaction/DATASET/RESIZED/3bII/section/3bII_1941SE.jpg,/home/ikk/renal-calculi-classificaction/DATASET/RESIZED/3bII/section/MASKS/3bII_1941SE_mask.png,1,3bII,section,3bII_1941SE,1,1,1,0.03575182,0.9642482
/home/ikk/renal-calculi-classificaction/DATASET/RESIZED/3bII/section/3bII_111111_inventado.jpg,/home/ikk/renal-calculi-classificaction/DATASET/RESIZED/3bII/section/MASKS/3bII_111111_inventado_mask.png,1,3bII,section,3bII_111111,0,1,1,0.9147301,0.0852699
/home/ikk/renal-calculi-classificaction/DATASET/RESIZED/3bII/section/3bII_2759SE.jpg,/home/ikk/renal-calculi-classificaction/DATASET/RESIZED/3bII/section/MASKS/3bII_2759SE_mask.png,1,3bII,section,3bII_2759SE,0,1,1,0.6926724,0.3073276
/home/ikk/renal-calculi-classificaction/DATASET/RESIZED/3bII/section/3bII_1959SE.jpg,/home/ikk/renal-calculi-classificaction/DATASET/RESIZED/3bII/section/MASKS/3bII_1959SE_mask.png,1,3bII,section,3bII_1959SE,1,1,1,0.16172826,0.83827174
/home/ikk/renal-calculi-classificaction/DATASET/RESIZED/2a/surface/2a_1796SE_2.jpg,/home/ikk/renal-calculi-classificaction/DATASET/RESIZED/2a/surface/MASKS/2a_1796SE_2_mask.png,0,2a,surface,2a_1796SE,0,0,1,0.5203272,0.4796728
/home/ikk/renal-calculi-classificaction/DATASET/RESIZED/2a/surface/2aCOD_sup_1783SE.jpg,/home/ikk/renal-calculi-classificaction/DATASET/RESIZED/2a/surface/MASKS/2aCOD_sup_1783SE_mask.png,0,2a,surface,2aCOD_sup_1783SE,1,0,1,0.046863377,0.9531366
/home/ikk/renal-calculi-classificaction/DATASET/RESIZED/2a/surface/2a_2485SE_1.png,/home/ikk/renal-calculi-classificaction/DATASET/RESIZED/2a/surface/MASKS/2a_2485SE_1_mask.png,0,2a,surface,2a_2485SE,1,0,1,0.31476986,0.68523014
/home/ikk/renal-calculi-classificaction/DATASET/RESIZED/2a/surface/2a_2169SE.jpg,/home/ikk/renal-calculi-classificaction/DATASET/RESIZED/2a/surface/MASKS/2a_2169SE_mask.png,0,2a,surface,2a_2169SE,0,0,1,0.9864646,0.01353539
/home/ikk/renal-calculi-classificaction/DATASET/RESIZED/2a/surface/2a_3441SE.jpg,/home/ikk/renal-calculi-classificaction/DATASET/RESIZED/2a/surface/MASKS/2a_3441SE_mask.png,0,2a,surface,2a_3441SE,0,0,1,0.94823796,0.05176205
/home/ikk/renal-calculi-classificaction/DATASET/RESIZED/2a/surface/2a_2412SE_1.png,/home/ikk/renal-calculi-classificaction/DATASET/RESIZED/2a/surface/MASKS/2a_2412SE_1_mask.png,0,2a,surface,2a_2412SE,0,0,1,0.98280245,0.017197553
/home/ikk/renal-calculi-classificaction/DATASET/RESIZED/2a/surface/2a_1942SE.jpg,/home/ikk/renal-calculi-classificaction/DATASET/RESIZED/2a/surface/MASKS/2a_1942SE_mask.png,0,2a,surface,2a_1942SE,0,0,1,0.9941769,0.0058230837
/home/ikk/renal-calculi-classificaction/DATASET/RESIZED/2a/surface/2a_1796SE.jpg,/home/ikk/renal-calculi-classificaction/DATASET/RESIZED/2a/surface/MASKS/2a_1796SE_mask.png,0,2a,surface,2a_1796SE,0,0,1,0.586767,0.41323298
/home/ikk/renal-calculi-classificaction/DATASET/RESIZED/2a/surface/2a_1918SE.jpg,/home/ikk/renal-calculi-classificaction/DATASET/RESIZED/2a/surface/MASKS/2a_1918SE_mask.png,0,2a,surface,2a_1918SE,0,0,1,0.99090624,0.00909379
/home/ikk/renal-calculi-classificaction/DATASET/RESIZED/2a/surface/2a_2087SE.jpg,/home/ikk/renal-calculi-classificaction/DATASET/RESIZED/2a/surface/MASKS/2a_2087SE_mask.png,0,2a,surface,2a_2087SE,0,0,1,0.9957201,0.004279907
/home/ikk/renal-calculi-classificaction/DATASET/RESIZED/2a/section/2a_2703SE.jpg,/home/ikk/renal-calculi-classificaction/DATASET/RESIZED/2a/section/MASKS/2a_2703SE_mask.png,0,2a,section,2a_2703SE,0,0,1,0.53619224,0.46380776
/home/ikk/renal-calculi-classificaction/DATASET/RESIZED/2a/section/2a_3157SE.png,/home/ikk/renal-calculi-classificaction/DATASET/RESIZED/2a/section/MASKS/2a_3157SE_mask.png,0,2a,section,2a_3157SE,0,0,1,0.6238264,0.3761736
/home/ikk/renal-calculi-classificaction/DATASET/RESIZED/2a/section/2a_2869SE.jpg,/home/ikk/renal-calculi-classificaction/DATASET/RESIZED/2a/section/MASKS/2a_2869SE_mask.png,0,2a,section,2a_2869SE,0,0,1,0.95222384,0.04777614
/home/ikk/renal-calculi-classificaction/DATASET/RESIZED/2a/section/2a_2412SE_2.png,/home/ikk/renal-calculi-classificaction/DATASET/RESIZED/2a/section/MASKS/2a_2412SE_2_mask.png,0,2a,section,2a_2412SE,0,0,1,0.8077298,0.1922702
/home/ikk/renal-calculi-classificaction/DATASET/RESIZED/2a/section/2a_1942SE_2.jpg,/home/ikk/renal-calculi-classificaction/DATASET/RESIZED/2a/section/MASKS/2a_1942SE_2_mask.png,0,2a,section,2a_1942SE,0,0,1,0.9482846,0.051715385
/home/ikk/renal-calculi-classificaction/DATASET/RESIZED/2a/section/2a_3345SE.jpg,/home/ikk/renal-calculi-classificaction/DATASET/RESIZED/2a/section/MASKS/2a_3345SE_mask.png,0,2a,section,2a_3345SE,0,0,1,0.53109276,0.46890724
/home/ikk/renal-calculi-classificaction/DATASET/RESIZED/2a/section/2a_2485SE_2.png,/home/ikk/renal-calculi-classificaction/DATASET/RESIZED/2a/section/MASKS/2a_2485SE_2_mask.png,0,2a,section,2a_2485SE,0,0,1,0.6191292,0.38087082
/home/ikk/renal-calculi-classificaction/DATASET/RESIZED/2a/section/2a_2060SE.jpg,/home/ikk/renal-calculi-classificaction/DATASET/RESIZED/2a/section/MASKS/2a_2060SE_mask.png,0,2a,section,2a_2060SE,0,0,1,0.88066155,0.11933845
/home/ikk/renal-calculi-classificaction/DATASET/RESIZED/2a/section/2a_1980SE.jpg,/home/ikk/renal-calculi-classificaction/DATASET/RESIZED/2a/section/MASKS/2a_1980SE_mask.png,0,2a,section,2a_1980SE,1,0,1,0.06678063,0.9332194
/home/ikk/renal-calculi-classificaction/DATASET/RESIZED/2a/section/2aCOD_sup_1783SE_2.jpg,/home/ikk/renal-calculi-classificaction/DATASET/RESIZED/2a/section/MASKS/2aCOD_sup_1783SE_2_mask.png,0,2a,section,2aCOD_sup_1783SE,1,0,1,0.16501606,0.83498394
/home/ikk/renal-calculi-classificaction/DATASET/RESIZED/4II-4I/surface/4II_1825SE.jpg,/home/ikk/renal-calculi-classificaction/DATASET/RESIZED/4II-4I/surface/MASKS/4II_1825SE_mask.png,1,4II-4I,surface,4II_1825SE,0,1,1,0.5356393,0.46436068
/home/ikk/renal-calculi-classificaction/DATASET/RESIZED/4II-4I/surface/4I_111111_inventado.jpg,/home/ikk/renal-calculi-classificaction/DATASET/RESIZED/4II-4I/surface/MASKS/4I_111111_inventado_mask.png,1,4II-4I,surface,4I_111111,1,1,1,0.14817846,0.85182154
/home/ikk/renal-calculi-classificaction/DATASET/RESIZED/4II-4I/surface/4II_2.jpg,/home/ikk/renal-calculi-classificaction/DATASET/RESIZED/4II-4I/surface/MASKS/4II_2_mask.png,1,4II-4I,surface,4II_2,1,1,1,0.005948603,0.9940514
/home/ikk/renal-calculi-classificaction/DATASET/RESIZED/4II-4I/surface/4I_2157SE.jpg,/home/ikk/renal-calculi-classificaction/DATASET/RESIZED/4II-4I/surface/MASKS/4I_2157SE_mask.png,1,4II-4I,surface,4I_2157SE,1,1,1,0.011239767,0.98876023
/home/ikk/renal-calculi-classificaction/DATASET/RESIZED/4II-4I/section/4II_1825SE_2.jpg,/home/ikk/renal-calculi-classificaction/DATASET/RESIZED/4II-4I/section/MASKS/4II_1825SE_2_mask.png,1,4II-4I,section,4II_1825SE,1,1,1,0.07133484,0.92866516
/home/ikk/renal-calculi-classificaction/DATASET/RESIZED/4II-4I/section/4II_3046SE.png,/home/ikk/renal-calculi-classificaction/DATASET/RESIZED/4II-4I/section/MASKS/4II_3046SE_mask.png,1,4II-4I,section,4II_3046SE,1,1,1,0.013162732,0.98683727
/home/ikk/renal-calculi-classificaction/DATASET/RESIZED/4II-4I/section/4II_2995SE.jpg,/home/ikk/renal-calculi-classificaction/DATASET/RESIZED/4II-4I/section/MASKS/4II_2995SE_mask.png,1,4II-4I,section,4II_2995SE,1,1,1,0.012458742,0.98754126
/home/ikk/renal-calculi-classificaction/DATASET/RESIZED/4II-4I/section/4II_2659SE.png,/home/ikk/renal-calculi-classificaction/DATASET/RESIZED/4II-4I/section/MASKS/4II_2659SE_mask.png,1,4II-4I,section,4II_2659SE,1,1,1,0.17352182,0.8264782
/home/ikk/renal-calculi-classificaction/DATASET/RESIZED/4II-4I/section/4I_COM_1898SE.jpg,/home/ikk/renal-calculi-classificaction/DATASET/RESIZED/4II-4I/section/MASKS/4I_COM_1898SE_mask.png,1,4II-4I,section,4I_COM_1898SE,1,1,1,0.09674263,0.90325737
/home/ikk/renal-calculi-classificaction/DATASET/RESIZED/4II-4I/section/4II_6.jpg,/home/ikk/renal-calculi-classificaction/DATASET/RESIZED/4II-4I/section/MASKS/4II_6_mask.png,1,4II-4I,section,4II_6,1,1,1,0.025392652,0.97460735
/home/ikk/renal-calculi-classificaction/DATASET/RESIZED/4II-4I/section/4I_3271SE.jpg,/home/ikk/renal-calculi-classificaction/DATASET/RESIZED/4II-4I/section/MASKS/4I_3271SE_mask.png,1,4II-4I,section,4I_3271SE,1,1,1,0.027696252,0.97230375
/home/ikk/renal-calculi-classificaction/DATASET/RESIZED/1aI/surface/1aI_COD_sup_1996SE.jpg,/home/ikk/renal-calculi-classificaction/DATASET/RESIZED/1aI/surface/MASKS/1aI_COD_sup_1996SE_mask.png,0,1aI,surface,1aI_COD_sup_1996SE,0,0,1,0.98785996,0.012140054
/home/ikk/renal-calculi-classificaction/DATASET/RESIZED/1aI/surface/1aI_1890SE.jpg,/home/ikk/renal-calculi-classificaction/DATASET/RESIZED/1aI/surface/MASKS/1aI_1890SE_mask.png,0,1aI,surface,1aI_1890SE,0,0,1,0.6186967,0.38130334
/home/ikk/renal-calculi-classificaction/DATASET/RESIZED/1aI/surface/1aI_1784SE_2.jpg,/home/ikk/renal-calculi-classificaction/DATASET/RESIZED/1aI/surface/MASKS/1aI_1784SE_2_mask.png,0,1aI,surface,1aI_1784SE,0,0,1,0.9337573,0.06624272
/home/ikk/renal-calculi-classificaction/DATASET/RESIZED/1aI/surface/1aI_2913SE.jpg,/home/ikk/renal-calculi-classificaction/DATASET/RESIZED/1aI/surface/MASKS/1aI_2913SE_mask.png,0,1aI,surface,1aI_2913SE,0,0,1,0.97793865,0.02206133
/home/ikk/renal-calculi-classificaction/DATASET/RESIZED/1aI/surface/1aI_COD_sup_2524SE.png,/home/ikk/renal-calculi-classificaction/DATASET/RESIZED/1aI/surface/MASKS/1aI_COD_sup_2524SE_mask.png,0,1aI,surface,1aI_COD_sup_2524SE,0,0,1,0.8695155,0.13048454
/home/ikk/renal-calculi-classificaction/DATASET/RESIZED/1aI/surface/1aI_3292SE_2.jpg,/home/ikk/renal-calculi-classificaction/DATASET/RESIZED/1aI/surface/MASKS/1aI_3292SE_2_mask.png,0,1aI,surface,1aI_3292SE,0,0,1,0.5126854,0.48731458
/home/ikk/renal-calculi-classificaction/DATASET/RESIZED/1aI/surface/1aI_3292SE_1.jpg,/home/ikk/renal-calculi-classificaction/DATASET/RESIZED/1aI/surface/MASKS/1aI_3292SE_1_mask.png,0,1aI,surface,1aI_3292SE,1,0,1,0.09790915,0.90209085
/home/ikk/renal-calculi-classificaction/DATASET/RESIZED/1aI/surface/1aI_3081SE_2_LB.png,/home/ikk/renal-calculi-classificaction/DATASET/RESIZED/1aI/surface/MASKS/1aI_3081SE_2_LB_mask.png,0,1aI,surface,1aI_3081SE,0,0,1,0.9854084,0.014591564
/home/ikk/renal-calculi-classificaction/DATASET/RESIZED/1aI/surface/1aI_1937SE.jpg,/home/ikk/renal-calculi-classificaction/DATASET/RESIZED/1aI/surface/MASKS/1aI_1937SE_mask.png,0,1aI,surface,1aI_1937SE,0,0,1,0.9715766,0.028423442
/home/ikk/renal-calculi-classificaction/DATASET/RESIZED/1aI/surface/1aI_2225SE_1.jpg,/home/ikk/renal-calculi-classificaction/DATASET/RESIZED/1aI/surface/MASKS/1aI_2225SE_1_mask.png,0,1aI,surface,1aI_2225SE,0,0,1,0.9546783,0.045321714
/home/ikk/renal-calculi-classificaction/DATASET/RESIZED/1aI/surface/1aI_2366SE_1.png,/home/ikk/renal-calculi-classificaction/DATASET/RESIZED/1aI/surface/MASKS/1aI_2366SE_1_mask.png,0,1aI,surface,1aI_2366SE,0,0,1,0.9823831,0.017616937
/home/ikk/renal-calculi-classificaction/DATASET/RESIZED/1aI/surface/1aI_1797SE.jpg,/home/ikk/renal-calculi-classificaction/DATASET/RESIZED/1aI/surface/MASKS/1aI_1797SE_mask.png,0,1aI,surface,1aI_1797SE,0,0,1,0.87524056,0.124759436
/home/ikk/renal-calculi-classificaction/DATASET/RESIZED/1aI/surface/1aI_3081SE_3_LB.png,/home/ikk/renal-calculi-classificaction/DATASET/RESIZED/1aI/surface/MASKS/1aI_3081SE_3_LB_mask.png,0,1aI,surface,1aI_3081SE,0,0,1,0.9890364,0.010963599
/home/ikk/renal-calculi-classificaction/DATASET/RESIZED/1aI/surface/1aI_3292SE_3.jpg,/home/ikk/renal-calculi-classificaction/DATASET/RESIZED/1aI/surface/MASKS/1aI_3292SE_3_mask.png,0,1aI,surface,1aI_3292SE,0,0,1,0.67061174,0.3293883
/home/ikk/renal-calculi-classificaction/DATASET/RESIZED/1aI/surface/1aI_3081SE_4_LB.png,/home/ikk/renal-calculi-classificaction/DATASET/RESIZED/1aI/surface/MASKS/1aI_3081SE_4_LB_mask.png,0,1aI,surface,1aI_3081SE,0,0,1,0.91190404,0.08809598
/home/ikk/renal-calculi-classificaction/DATASET/RESIZED/1aI/surface/1aI_3081SE_5_LB.png,/home/ikk/renal-calculi-classificaction/DATASET/RESIZED/1aI/surface/MASKS/1aI_3081SE_5_LB_mask.png,0,1aI,surface,1aI_3081SE,0,0,1,0.99164575,0.008354226
/home/ikk/renal-calculi-classificaction/DATASET/RESIZED/1aI/surface/1aI_1784SE_1.jpg,/home/ikk/renal-calculi-classificaction/DATASET/RESIZED/1aI/surface/MASKS/1aI_1784SE_1_mask.png,0,1aI,surface,1aI_1784SE,0,0,1,0.96082014,0.039179873
/home/ikk/renal-calculi-classificaction/DATASET/RESIZED/1aI/surface/1aI_3081SE_1_LB.png,/home/ikk/renal-calculi-classificaction/DATASET/RESIZED/1aI/surface/MASKS/1aI_3081SE_1_LB_mask.png,0,1aI,surface,1aI_3081SE,0,0,1,0.98325086,0.01674914
/home/ikk/renal-calculi-classificaction/DATASET/RESIZED/1aI/section/1aI_2014SE.jpg,/home/ikk/renal-calculi-classificaction/DATASET/RESIZED/1aI/section/MASKS/1aI_2014SE_mask.png,0,1aI,section,1aI_2014SE,0,0,1,0.8573122,0.14268777
/home/ikk/renal-calculi-classificaction/DATASET/RESIZED/1aI/section/1aI_3081SE_6_LB.png,/home/ikk/renal-calculi-classificaction/DATASET/RESIZED/1aI/section/MASKS/1aI_3081SE_6_LB_mask.png,0,1aI,section,1aI_3081SE,0,0,1,0.72329247,0.27670756
/home/ikk/renal-calculi-classificaction/DATASET/RESIZED/1aI/section/1aI_3081SE_8_LB.png,/home/ikk/renal-calculi-classificaction/DATASET/RESIZED/1aI/section/MASKS/1aI_3081SE_8_LB_mask.png,0,1aI,section,1aI_3081SE,0,0,1,0.7836045,0.2163955
/home/ikk/renal-calculi-classificaction/DATASET/RESIZED/1aI/section/1aI_3292SE_5.jpg,/home/ikk/renal-calculi-classificaction/DATASET/RESIZED/1aI/section/MASKS/1aI_3292SE_5_mask.png,0,1aI,section,1aI_3292SE,1,0,1,0.38974386,0.61025614
/home/ikk/renal-calculi-classificaction/DATASET/RESIZED/1aI/section/1aI_2366SE_3.png,/home/ikk/renal-calculi-classificaction/DATASET/RESIZED/1aI/section/MASKS/1aI_2366SE_3_mask.png,0,1aI,section,1aI_2366SE,0,0,1,0.95762575,0.042374253
/home/ikk/renal-calculi-classificaction/DATASET/RESIZED/1aI/section/1aI_2366SE_2.png,/home/ikk/renal-calculi-classificaction/DATASET/RESIZED/1aI/section/MASKS/1aI_2366SE_2_mask.png,0,1aI,section,1aI_2366SE,0,0,1,0.95833915,0.041660868
/home/ikk/renal-calculi-classificaction/DATASET/RESIZED/1aI/section/1aI_3081SE_7_LB.png,/home/ikk/renal-calculi-classificaction/DATASET/RESIZED/1aI/section/MASKS/1aI_3081SE_7_LB_mask.png,0,1aI,section,1aI_3081SE,0,0,1,0.7159765,0.2840235
/home/ikk/renal-calculi-classificaction/DATASET/RESIZED/1aI/section/1aI_1784SE_3.jpg,/home/ikk/renal-calculi-classificaction/DATASET/RESIZED/1aI/section/MASKS/1aI_1784SE_3_mask.png,0,1aI,section,1aI_1784SE,0,0,1,0.9121306,0.08786939
/home/ikk/renal-calculi-classificaction/DATASET/RESIZED/1aI/section/1aI_1784SE_4.jpg,/home/ikk/renal-calculi-classificaction/DATASET/RESIZED/1aI/section/MASKS/1aI_1784SE_4_mask.png,0,1aI,section,1aI_1784SE,0,0,1,0.8860085,0.1139915
/home/ikk/renal-calculi-classificaction/DATASET/RESIZED/1aI/section/1aI_3292SE_4.jpg,/home/ikk/renal-calculi-classificaction/DATASET/RESIZED/1aI/section/MASKS/1aI_3292SE_4_mask.png,0,1aI,section,1aI_3292SE,0,0,1,0.7648399,0.23516014
/home/ikk/renal-calculi-classificaction/DATASET/RESIZED/1aI/section/1aI_2225SE_2.jpg,/home/ikk/renal-calculi-classificaction/DATASET/RESIZED/1aI/section/MASKS/1aI_2225SE_2_mask.png,0,1aI,section,1aI_2225SE,0,0,1,0.97420216,0.025797863
/home/ikk/renal-calculi-classificaction/DATASET/RESIZED/6/surface/6_2365SE_1.png,/home/ikk/renal-calculi-classificaction/DATASET/RESIZED/6/surface/MASKS/6_2365SE_1_mask.png,1,6,surface,6_2365SE,1,1,2,0.17785263,0.82214737
/home/ikk/renal-calculi-classificaction/DATASET/RESIZED/6/section/6_3001SE.jpg,/home/ikk/renal-calculi-classificaction/DATASET/RESIZED/6/section/MASKS/6_3001SE_mask.png,1,6,section,6_3001SE,1,1,2,0.11742139,0.8825786
/home/ikk/renal-calculi-classificaction/DATASET/RESIZED/6/section/6_3265SE.jpg,/home/ikk/renal-calculi-classificaction/DATASET/RESIZED/6/section/MASKS/6_3265SE_mask.png,1,6,section,6_3265SE,1,1,2,0.006944835,0.99305516
/home/ikk/renal-calculi-classificaction/DATASET/RESIZED/6/section/6_2061SE.jpg,/home/ikk/renal-calculi-classificaction/DATASET/RESIZED/6/section/MASKS/6_2061SE_mask.png,1,6,section,6_2061SE,1,1,2,0.06910807,0.93089193
/home/ikk/renal-calculi-classificaction/DATASET/RESIZED/6/section/6_3186SE_3.jpg,/home/ikk/renal-calculi-classificaction/DATASET/RESIZED/6/section/MASKS/6_3186SE_3_mask.png,1,6,section,6_3186SE,1,1,2,0.012349546,0.98765045
/home/ikk/renal-calculi-classificaction/DATASET/RESIZED/6/section/6_3186SE_1.jpg,/home/ikk/renal-calculi-classificaction/DATASET/RESIZED/6/section/MASKS/6_3186SE_1_mask.png,1,6,section,6_3186SE,1,1,2,0.10593128,0.8940687
/home/ikk/renal-calculi-classificaction/DATASET/RESIZED/6/section/6_2365SE_2.png,/home/ikk/renal-calculi-classificaction/DATASET/RESIZED/6/section/MASKS/6_2365SE_2_mask.png,1,6,section,6_2365SE,1,1,2,0.08362305,0.91637695
/home/ikk/renal-calculi-classificaction/DATASET/RESIZED/6/section/6_3186SE_2.jpg,/home/ikk/renal-calculi-classificaction/DATASET/RESIZED/6/section/MASKS/6_3186SE_2_mask.png,1,6,section,6_3186SE,1,1,2,0.008318722,0.9916813
/home/ikk/renal-calculi-classificaction/DATASET/RESIZED/8aI - 8aII/surface/8aII_2163SE.jpg,/home/ikk/renal-calculi-classificaction/DATASET/RESIZED/8aI - 8aII/surface/MASKS/8aII_2163SE_mask.png,1,8aI - 8aII,surface,8aII_2163SE,1,1,2,0.037166834,0.96283317
/home/ikk/renal-calculi-classificaction/DATASET/RESIZED/8aI - 8aII/surface/8aII_2041SE.jpg,/home/ikk/renal-calculi-classificaction/DATASET/RESIZED/8aI - 8aII/surface/MASKS/8aII_2041SE_mask.png,1,8aI - 8aII,surface,8aII_2041SE,1,1,2,0.060588837,0.93941116
/home/ikk/renal-calculi-classificaction/DATASET/RESIZED/8aI - 8aII/section/8aII_2520SE.png,/home/ikk/renal-calculi-classificaction/DATASET/RESIZED/8aI - 8aII/section/MASKS/8aII_2520SE_mask.png,1,8aI - 8aII,section,8aII_2520SE,1,1,2,0.25717574,0.74282426
/home/ikk/renal-calculi-classificaction/DATASET/RESIZED/8aI - 8aII/section/8aII_3102SE.png,/home/ikk/renal-calculi-classificaction/DATASET/RESIZED/8aI - 8aII/section/MASKS/8aII_3102SE_mask.png,1,8aI - 8aII,section,8aII_3102SE,1,1,2,0.021628976,0.978371
/home/ikk/renal-calculi-classificaction/DATASET/RESIZED/8aI - 8aII/section/8aII_3332SE.jpg,/home/ikk/renal-calculi-classificaction/DATASET/RESIZED/8aI - 8aII/section/MASKS/8aII_3332SE_mask.png,1,8aI - 8aII,section,8aII_3332SE,1,1,2,0.060043693,0.9399563
/home/ikk/renal-calculi-classificaction/DATASET/RESIZED/3aII/surface/3aII_3049SE.png,/home/ikk/renal-calculi-classificaction/DATASET/RESIZED/3aII/surface/MASKS/3aII_3049SE_mask.png,1,3aII,surface,3aII_3049SE,1,1,2,0.008030474,0.9919695
/home/ikk/renal-calculi-classificaction/DATASET/RESIZED/3aII/surface/3aII_1969SE_2.jpg,/home/ikk/renal-calculi-classificaction/DATASET/RESIZED/3aII/surface/MASKS/3aII_1969SE_2_mask.png,1,3aII,surface,3aII_1969SE,1,1,2,0.019494057,0.98050594
/home/ikk/renal-calculi-classificaction/DATASET/RESIZED/3aII/surface/3aII_1913SE.jpg,/home/ikk/renal-calculi-classificaction/DATASET/RESIZED/3aII/surface/MASKS/3aII_1913SE_mask.png,1,3aII,surface,3aII_1913SE,1,1,2,0.049510717,0.9504893
/home/ikk/renal-calculi-classificaction/DATASET/RESIZED/3aII/surface/3aII_2354SE.png,/home/ikk/renal-calculi-classificaction/DATASET/RESIZED/3aII/surface/MASKS/3aII_2354SE_mask.png,1,3aII,surface,3aII_2354SE,0,1,2,0.6999612,0.3000388
/home/ikk/renal-calculi-classificaction/DATASET/RESIZED/3aII/surface/3aII_1969SE_1.jpg,/home/ikk/renal-calculi-classificaction/DATASET/RESIZED/3aII/surface/MASKS/3aII_1969SE_1_mask.png,1,3aII,surface,3aII_1969SE,1,1,2,0.009205759,0.99079424
/home/ikk/renal-calculi-classificaction/DATASET/RESIZED/3bII/surface/3bII_1863SE.jpg,/home/ikk/renal-calculi-classificaction/DATASET/RESIZED/3bII/surface/MASKS/3bII_1863SE_mask.png,1,3bII,surface,3bII_1863SE,1,1,2,0.48016626,0.51983374
/home/ikk/renal-calculi-classificaction/DATASET/RESIZED/3bII/surface/3bII_1995SE.jpg,/home/ikk/renal-calculi-classificaction/DATASET/RESIZED/3bII/surface/MASKS/3bII_1995SE_mask.png,1,3bII,surface,3bII_1995SE,1,1,2,0.051690638,0.94830936
/home/ikk/renal-calculi-classificaction/DATASET/RESIZED/3bII/surface/3bII_2251SE.png,/home/ikk/renal-calculi-classificaction/DATASET/RESIZED/3bII/surface/MASKS/3bII_2251SE_mask.png,1,3bII,surface,3bII_2251SE,1,1,2,0.008328021,0.991672
/home/ikk/renal-calculi-classificaction/DATASET/RESIZED/3bII/surface/3bII_2584SE.png,/home/ikk/renal-calculi-classificaction/DATASET/RESIZED/3bII/surface/MASKS/3bII_2584SE_mask.png,1,3bII,surface,3bII_2584SE,1,1,2,0.13185745,0.86814255
/home/ikk/renal-calculi-classificaction/DATASET/RESIZED/3bII/section/3bII_3069SE.png,/home/ikk/renal-calculi-classificaction/DATASET/RESIZED/3bII/section/MASKS/3bII_3069SE_mask.png,1,3bII,section,3bII_3069SE,1,1,2,0.013224304,0.9867757
/home/ikk/renal-calculi-classificaction/DATASET/RESIZED/3bII/section/3bII_MO_1868SE.jpg,/home/ikk/renal-calculi-classificaction/DATASET/RESIZED/3bII/section/MASKS/3bII_MO_1868SE_mask.png,1,3bII,section,3bII_MO_1868SE,1,1,2,0.041808188,0.9581918
/home/ikk/renal-calculi-classificaction/DATASET/RESIZED/3bII/section/3bII_2450SE.png,/home/ikk/renal-calculi-classificaction/DATASET/RESIZED/3bII/section/MASKS/3bII_2450SE_mask.png,1,3bII,section,3bII_2450SE,0,1,2,0.90697706,0.09302292
/home/ikk/renal-calculi-classificaction/DATASET/RESIZED/3bII/section/3bII_1804SE.jpg,/home/ikk/renal-calculi-classificaction/DATASET/RESIZED/3bII/section/MASKS/3bII_1804SE_mask.png,1,3bII,section,3bII_1804SE,0,1,2,0.7476256,0.2523744
/home/ikk/renal-calculi-classificaction/DATASET/RESIZED/3bII/section/3bII_6.jpg,/home/ikk/renal-calculi-classificaction/DATASET/RESIZED/3bII/section/MASKS/3bII_6_mask.png,1,3bII,section,3bII_6,1,1,2,0.0025659204,0.9974341
/home/ikk/renal-calculi-classificaction/DATASET/RESIZED/3bII/section/3bII_2850SE.jpg,/home/ikk/renal-calculi-classificaction/DATASET/RESIZED/3bII/section/MASKS/3bII_2850SE_mask.png,1,3bII,section,3bII_2850SE,1,1,2,0.012246847,0.98775315
/home/ikk/renal-calculi-classificaction/DATASET/RESIZED/3bII/section/3bII_3.jpg,/home/ikk/renal-calculi-classificaction/DATASET/RESIZED/3bII/section/MASKS/3bII_3_mask.png,1,3bII,section,3bII_3,1,1,2,0.0069139004,0.9930861
/home/ikk/renal-calculi-classificaction/DATASET/RESIZED/3bII/section/3bII_1961SE.jpg,/home/ikk/renal-calculi-classificaction/DATASET/RESIZED/3bII/section/MASKS/3bII_1961SE_mask.png,1,3bII,section,3bII_1961SE,1,1,2,0.35503632,0.6449637
/home/ikk/renal-calculi-classificaction/DATASET/RESIZED/3bII/section/3bII_2043SE_2.jpg,/home/ikk/renal-calculi-classificaction/DATASET/RESIZED/3bII/section/MASKS/3bII_2043SE_2_mask.png,1,3bII,section,3bII_2043SE,0,1,2,0.9585223,0.041477684
/home/ikk/renal-calculi-classificaction/DATASET/RESIZED/2a/surface/2a_3500SE_1.png,/home/ikk/renal-calculi-classificaction/DATASET/RESIZED/2a/surface/MASKS/2a_3500SE_1_mask.png,0,2a,surface,2a_3500SE,0,0,2,0.9874985,0.012501498
/home/ikk/renal-calculi-classificaction/DATASET/RESIZED/2a/surface/2a_2145SE.jpg,/home/ikk/renal-calculi-classificaction/DATASET/RESIZED/2a/surface/MASKS/2a_2145SE_mask.png,0,2a,surface,2a_2145SE,0,0,2,0.97978204,0.020217942
/home/ikk/renal-calculi-classificaction/DATASET/RESIZED/2a/surface/2a_1939SE.jpg,/home/ikk/renal-calculi-classificaction/DATASET/RESIZED/2a/surface/MASKS/2a_1939SE_mask.png,0,2a,surface,2a_1939SE,0,0,2,0.5875411,0.4124589
/home/ikk/renal-calculi-classificaction/DATASET/RESIZED/2a/surface/2aCOD_sup_2247SE.jpg,/home/ikk/renal-calculi-classificaction/DATASET/RESIZED/2a/surface/MASKS/2aCOD_sup_2247SE_mask.png,0,2a,surface,2aCOD_sup_2247SE,0,0,2,0.9945595,0.005440459
/home/ikk/renal-calculi-classificaction/DATASET/RESIZED/2a/surface/2a_3346SE_surface.jpg,/home/ikk/renal-calculi-classificaction/DATASET/RESIZED/2a/surface/MASKS/2a_3346SE_surface_mask.png,0,2a,surface,2a_3346SE,0,0,2,0.7386117,0.26138833
/home/ikk/renal-calculi-classificaction/DATASET/RESIZED/2a/surface/2a_3351SE_1._Imagen_general.jpg,/home/ikk/renal-calculi-classificaction/DATASET/RESIZED/2a/surface/MASKS/2a_3351SE_1._Imagen_general_mask.png,0,2a,surface,2a_3351SE,1,0,2,0.0114017725,0.9885982
/home/ikk/renal-calculi-classificaction/DATASET/RESIZED/2a/surface/2a_1787SE.jpg,/home/ikk/renal-calculi-classificaction/DATASET/RESIZED/2a/surface/MASKS/2a_1787SE_mask.png,0,2a,surface,2a_1787SE,0,0,2,0.90072936,0.09927062
/home/ikk/renal-calculi-classificaction/DATASET/RESIZED/2a/surface/2a_2015SE.jpg,/home/ikk/renal-calculi-classificaction/DATASET/RESIZED/2a/surface/MASKS/2a_2015SE_mask.png,0,2a,surface,2a_2015SE,0,0,2,0.9618833,0.038116697
/home/ikk/renal-calculi-classificaction/DATASET/RESIZED/2a/section/2a_2133SE.jpg,/home/ikk/renal-calculi-classificaction/DATASET/RESIZED/2a/section/MASKS/2a_2133SE_mask.png,0,2a,section,2a_2133SE,0,0,2,0.996137,0.0038629728
/home/ikk/renal-calculi-classificaction/DATASET/RESIZED/2a/section/2a_3346SE_section.jpg,/home/ikk/renal-calculi-classificaction/DATASET/RESIZED/2a/section/MASKS/2a_3346SE_section_mask.png,0,2a,section,2a_3346SE,0,0,2,0.6646116,0.3353884
/home/ikk/renal-calculi-classificaction/DATASET/RESIZED/2a/section/2a_3500SE_2.png,/home/ikk/renal-calculi-classificaction/DATASET/RESIZED/2a/section/MASKS/2a_3500SE_2_mask.png,0,2a,section,2a_3500SE,0,0,2,0.9812067,0.01879326
/home/ikk/renal-calculi-classificaction/DATASET/RESIZED/2a/section/2a_3351SE_3._Seccion_2.jpg,/home/ikk/renal-calculi-classificaction/DATASET/RESIZED/2a/section/MASKS/2a_3351SE_3._Seccion_2_mask.png,0,2a,section,2a_3351SE,1,0,2,0.12709749,0.8729025
/home/ikk/renal-calculi-classificaction/DATASET/RESIZED/2a/section/2a_1939SE_3.jpg,/home/ikk/renal-calculi-classificaction/DATASET/RESIZED/2a/section/MASKS/2a_1939SE_3_mask.png,0,2a,section,2a_1939SE,0,0,2,0.8598077,0.14019227
/home/ikk/renal-calculi-classificaction/DATASET/RESIZED/2a/section/2a_3266SE.jpg,/home/ikk/renal-calculi-classificaction/DATASET/RESIZED/2a/section/MASKS/2a_3266SE_mask.png,0,2a,section,2a_3266SE,0,0,2,0.84219384,0.15780613
/home/ikk/renal-calculi-classificaction/DATASET/RESIZED/2a/section/2a_2327SE.png,/home/ikk/renal-calculi-classificaction/DATASET/RESIZED/2a/section/MASKS/2a_2327SE_mask.png,0,2a,section,2a_2327SE,1,0,2,0.13846922,0.8615308
/home/ikk/renal-calculi-classificaction/DATASET/RESIZED/2a/section/2a_1960SE.jpg,/home/ikk/renal-calculi-classificaction/DATASET/RESIZED/2a/section/MASKS/2a_1960SE_mask.png,0,2a,section,2a_1960SE,1,0,2,0.40319198,0.596808
/home/ikk/renal-calculi-classificaction/DATASET/RESIZED/2a/section/2a_3351SE_2._Seccion_1.jpg,/home/ikk/renal-calculi-classificaction/DATASET/RESIZED/2a/section/MASKS/2a_3351SE_2._Seccion_1_mask.png,0,2a,section,2a_3351SE,1,0,2,0.4840858,0.5159142
/home/ikk/renal-calculi-classificaction/DATASET/RESIZED/2a/section/2a_2708SE.jpg,/home/ikk/renal-calculi-classificaction/DATASET/RESIZED/2a/section/MASKS/2a_2708SE_mask.png,0,2a,section,2a_2708SE,1,0,2,0.35854965,0.64145035
/home/ikk/renal-calculi-classificaction/DATASET/RESIZED/2a/section/2a_2513SE.png,/home/ikk/renal-calculi-classificaction/DATASET/RESIZED/2a/section/MASKS/2a_2513SE_mask.png,0,2a,section,2a_2513SE,0,0,2,0.9449733,0.055026732
/home/ikk/renal-calculi-classificaction/DATASET/RESIZED/2a/section/2a_2872SE.jpg,/home/ikk/renal-calculi-classificaction/DATASET/RESIZED/2a/section/MASKS/2a_2872SE_mask.png,0,2a,section,2a_2872SE,0,0,2,0.8009139,0.19908614
/home/ikk/renal-calculi-classificaction/DATASET/RESIZED/2a/section/2a_1939SE_2.jpg,/home/ikk/renal-calculi-classificaction/DATASET/RESIZED/2a/section/MASKS/2a_1939SE_2_mask.png,0,2a,section,2a_1939SE,0,0,2,0.9199247,0.08007531
/home/ikk/renal-calculi-classificaction/DATASET/RESIZED/4II-4I/surface/4I_1853SE.jpg,/home/ikk/renal-calculi-classificaction/DATASET/RESIZED/4II-4I/surface/MASKS/4I_1853SE_mask.png,1,4II-4I,surface,4I_1853SE,1,1,2,0.099087596,0.9009124
/home/ikk/renal-calculi-classificaction/DATASET/RESIZED/4II-4I/surface/4II_1906SE.jpg,/home/ikk/renal-calculi-classificaction/DATASET/RESIZED/4II-4I/surface/MASKS/4II_1906SE_mask.png,1,4II-4I,surface,4II_1906SE,1,1,2,0.022970438,0.97702956
/home/ikk/renal-calculi-classificaction/DATASET/RESIZED/4II-4I/surface/4II_1906SE_2.jpg,/home/ikk/renal-calculi-classificaction/DATASET/RESIZED/4II-4I/surface/MASKS/4II_1906SE_2_mask.png,1,4II-4I,surface,4II_1906SE,1,1,2,0.005796969,0.99420303
/home/ikk/renal-calculi-classificaction/DATASET/RESIZED/4II-4I/surface/4II_2026SE.jpg,/home/ikk/renal-calculi-classificaction/DATASET/RESIZED/4II-4I/surface/MASKS/4II_2026SE_mask.png,1,4II-4I,surface,4II_2026SE,1,1,2,0.048208117,0.9517919
/home/ikk/renal-calculi-classificaction/DATASET/RESIZED/4II-4I/surface/4I_3506SE.png,/home/ikk/renal-calculi-classificaction/DATASET/RESIZED/4II-4I/surface/MASKS/4I_3506SE_mask.png,1,4II-4I,surface,4I_3506SE,1,1,2,0.013381898,0.9866181
/home/ikk/renal-calculi-classificaction/DATASET/RESIZED/4II-4I/section/4I_1853SE_2.jpg,/home/ikk/renal-calculi-classificaction/DATASET/RESIZED/4II-4I/section/MASKS/4I_1853SE_2_mask.png,1,4II-4I,section,4I_1853SE,1,1,2,0.13408095,0.86591905
/home/ikk/renal-calculi-classificaction/DATASET/RESIZED/4II-4I/section/4II_7.jpg,/home/ikk/renal-calculi-classificaction/DATASET/RESIZED/4II-4I/section/MASKS/4II_7_mask.png,1,4II-4I,section,4II_7,1,1,2,0.010966063,0.98903394
/home/ikk/renal-calculi-classificaction/DATASET/RESIZED/4II-4I/section/4I_COM_2150SE.jpg,/home/ikk/renal-calculi-classificaction/DATASET/RESIZED/4II-4I/section/MASKS/4I_COM_2150SE_mask.png,1,4II-4I,section,4I_COM_2150SE,1,1,2,0.11045575,0.88954425
/home/ikk/renal-calculi-classificaction/DATASET/RESIZED/4II-4I/section/4I_2753SE.jpg,/home/ikk/renal-calculi-classificaction/DATASET/RESIZED/4II-4I/section/MASKS/4I_2753SE_mask.png,1,4II-4I,section,4I_2753SE,1,1,2,0.024996996,0.975003
/home/ikk/renal-calculi-classificaction/DATASET/RESIZED/4II-4I/section/4II_3132SE.png,/home/ikk/renal-calculi-classificaction/DATASET/RESIZED/4II-4I/section/MASKS/4II_3132SE_mask.png,1,4II-4I,section,4II_3132SE,1,1,2,0.3201176,0.6798824
/home/ikk/renal-calculi-classificaction/DATASET/RESIZED/4II-4I/section/4II_2705SE.jpg,/home/ikk/renal-calculi-classificaction/DATASET/RESIZED/4II-4I/section/MASKS/4II_2705SE_mask.png,1,4II-4I,section,4II_2705SE,1,1,2,0.016401827,0.9835982
/home/ikk/renal-calculi-classificaction/DATASET/RESIZED/1aI/surface/1aI_2109SE.jpg,/home/ikk/renal-calculi-classificaction/DATASET/RESIZED/1aI/surface/MASKS/1aI_2109SE_mask.png,0,1aI,surface,1aI_2109SE,0,0,2,0.82931894,0.17068104
/home/ikk/renal-calculi-classificaction/DATASET/RESIZED/1aI/surface/1aI_3111SE.png,/home/ikk/renal-calculi-classificaction/DATASET/RESIZED/1aI/surface/MASKS/1aI_3111SE_mask.png,0,1aI,surface,1aI_3111SE,0,0,2,0.9571061,0.042893864
/home/ikk/renal-calculi-classificaction/DATASET/RESIZED/1aI/surface/1aI_1986SE.jpg,/home/ikk/renal-calculi-classificaction/DATASET/RESIZED/1aI/surface/MASKS/1aI_1986SE_mask.png,0,1aI,surface,1aI_1986SE,0,0,2,0.9900276,0.009972373
/home/ikk/renal-calculi-classificaction/DATASET/RESIZED/1aI/surface/1aI_COD_sup_1928SE.jpg,/home/ikk/renal-calculi-classificaction/DATASET/RESIZED/1aI/surface/MASKS/1aI_COD_sup_1928SE_mask.png,0,1aI,surface,1aI_COD_sup_1928SE,0,0,2,0.9755241,0.024475874
/home/ikk/renal-calculi-classificaction/DATASET/RESIZED/1aI/surface/1aI_COD_sup_2111SE_1.jpg,/home/ikk/renal-calculi-classificaction/DATASET/RESIZED/1aI/surface/MASKS/1aI_COD_sup_2111SE_1_mask.png,0,1aI,surface,1aI_COD_sup_2111SE,0,0,2,0.98941404,0.01058599
/home/ikk/renal-calculi-classificaction/DATASET/RESIZED/1aI/surface/1aI_COD_sup_1928SE_2.jpg,/home/ikk/renal-calculi-classificaction/DATASET/RESIZED/1aI/surface/MASKS/1aI_COD_sup_1928SE_2_mask.png,0,1aI,surface,1aI_COD_sup_1928SE,0,0,2,0.9945177,0.0054823286
/home/ikk/renal-calculi-classificaction/DATASET/RESIZED/1aI/surface/1aI_1777SE.jpg,/home/ikk/renal-calculi-classificaction/DATASET/RESIZED/1aI/surface/MASKS/1aI_1777SE_mask.png,0,1aI,surface,1aI_1777SE,0,0,2,0.8991138,0.10088621
/home/ikk/renal-calculi-classificaction/DATASET/RESIZED/1aI/surface/1aI_COD_sup_1929SE.jpg,/home/ikk/renal-calculi-classificaction/DATASET/RESIZED/1aI/surface/MASKS/1aI_COD_sup_1929SE_mask.png,0,1aI,surface,1aI_COD_sup_1929SE,0,0,2,0.9951848,0.0048152106
/home/ikk/renal-calculi-classificaction/DATASET/RESIZED/1aI/surface/1aI_2798SE.jpg,/home/ikk/renal-calculi-classificaction/DATASET/RESIZED/1aI/surface/MASKS/1aI_2798SE_mask.png,0,1aI,surface,1aI_2798SE,0,0,2,0.77752423,0.22247578
/home/ikk/renal-calculi-classificaction/DATASET/RESIZED/1aI/section/1aI_COD_sup_2111SE_2.jpg,/home/ikk/renal-calculi-classificaction/DATASET/RESIZED/1aI/section/MASKS/1aI_COD_sup_2111SE_2_mask.png,0,1aI,section,1aI_COD_sup_2111SE,0,0,2,0.9954752,0.00452485
/home/ikk/renal-calculi-classificaction/DATASET/RESIZED/1aI/section/1aI_2408SE_1.png,/home/ikk/renal-calculi-classificaction/DATASET/RESIZED/1aI/section/MASKS/1aI_2408SE_1_mask.png,0,1aI,section,1aI_2408SE,0,0,2,0.5646868,0.43531322
/home/ikk/renal-calculi-classificaction/DATASET/RESIZED/1aI/section/1aI_2408SE_2.png,/home/ikk/renal-calculi-classificaction/DATASET/RESIZED/1aI/section/MASKS/1aI_2408SE_2_mask.png,0,1aI,section,1aI_2408SE,0,0,2,0.97932726,0.020672755
/home/ikk/renal-calculi-classificaction/DATASET/RESIZED/1aI/section/1aI_COD_sup_3291SE_2.jpg,/home/ikk/renal-calculi-classificaction/DATASET/RESIZED/1aI/section/MASKS/1aI_COD_sup_3291SE_2_mask.png,0,1aI,section,1aI_COD_sup_3291SE,1,0,2,0.45133752,0.5486625
/home/ikk/renal-calculi-classificaction/DATASET/RESIZED/6/surface/6_2031SE.jpg,/home/ikk/renal-calculi-classificaction/DATASET/RESIZED/6/surface/MASKS/6_2031SE_mask.png,1,6,surface,6_2031SE,1,1,3,0.024690568,0.97530943
/home/ikk/renal-calculi-classificaction/DATASET/RESIZED/6/section/6_3229SE.jpg,/home/ikk/renal-calculi-classificaction/DATASET/RESIZED/6/section/MASKS/6_3229SE_mask.png,1,6,section,6_3229SE,1,1,3,0.020909786,0.9790902
/home/ikk/renal-calculi-classificaction/DATASET/RESIZED/6/section/6_2770SE.jpg,/home/ikk/renal-calculi-classificaction/DATASET/RESIZED/6/section/MASKS/6_2770SE_mask.png,1,6,section,6_2770SE,1,1,3,0.04170376,0.95829624
/home/ikk/renal-calculi-classificaction/DATASET/RESIZED/6/section/6_3088SE.png,/home/ikk/renal-calculi-classificaction/DATASET/RESIZED/6/section/MASKS/6_3088SE_mask.png,1,6,section,6_3088SE,0,1,3,0.9165572,0.08344278
/home/ikk/renal-calculi-classificaction/DATASET/RESIZED/6/section/6_1860SE.jpg,/home/ikk/renal-calculi-classificaction/DATASET/RESIZED/6/section/MASKS/6_1860SE_mask.png,1,6,section,6_1860SE,1,1,3,0.0087047815,0.9912952
/home/ikk/renal-calculi-classificaction/DATASET/RESIZED/6/section/6_2212SE.jpg,/home/ikk/renal-calculi-classificaction/DATASET/RESIZED/6/section/MASKS/6_2212SE_mask.png,1,6,section,6_2212SE,1,1,3,0.06093031,0.9390697
/home/ikk/renal-calculi-classificaction/DATASET/RESIZED/6/section/6_2616SE.png,/home/ikk/renal-calculi-classificaction/DATASET/RESIZED/6/section/MASKS/6_2616SE_mask.png,1,6,section,6_2616SE,1,1,3,0.058695972,0.941304
/home/ikk/renal-calculi-classificaction/DATASET/RESIZED/8aI - 8aII/surface/8aII_1866SE.jpg,/home/ikk/renal-calculi-classificaction/DATASET/RESIZED/8aI - 8aII/surface/MASKS/8aII_1866SE_mask.png,1,8aI - 8aII,surface,8aII_1866SE,1,1,3,0.014340162,0.98565984
/home/ikk/renal-calculi-classificaction/DATASET/RESIZED/8aI - 8aII/section/8aI_2316SE.png,/home/ikk/renal-calculi-classificaction/DATASET/RESIZED/8aI - 8aII/section/MASKS/8aI_2316SE_mask.png,1,8aI - 8aII,section,8aI_2316SE,1,1,3,0.040018976,0.959981
/home/ikk/renal-calculi-classificaction/DATASET/RESIZED/8aI - 8aII/section/8aII_2106SE.jpg,/home/ikk/renal-calculi-classificaction/DATASET/RESIZED/8aI - 8aII/section/MASKS/8aII_2106SE_mask.png,1,8aI - 8aII,section,8aII_2106SE,0,1,3,0.64998794,0.35001206
/home/ikk/renal-calculi-classificaction/DATASET/RESIZED/8aI - 8aII/section/8aI_1871SE_2.jpg,/home/ikk/renal-calculi-classificaction/DATASET/RESIZED/8aI - 8aII/section/MASKS/8aI_1871SE_2_mask.png,1,8aI - 8aII,section,8aI_1871SE,1,1,3,0.4615116,0.5384884
/home/ikk/renal-calculi-classificaction/DATASET/RESIZED/8aI - 8aII/section/8aII_2796SE.jpg,/home/ikk/renal-calculi-classificaction/DATASET/RESIZED/8aI - 8aII/section/MASKS/8aII_2796SE_mask.png,1,8aI - 8aII,section,8aII_2796SE,1,1,3,0.07898259,0.9210174
/home/ikk/renal-calculi-classificaction/DATASET/RESIZED/3aII/surface/3aII_3117SE_2.png,/home/ikk/renal-calculi-classificaction/DATASET/RESIZED/3aII/surface/MASKS/3aII_3117SE_2_mask.png,1,3aII,surface,3aII_3117SE,0,1,3,0.5258265,0.4741735
/home/ikk/renal-calculi-classificaction/DATASET/RESIZED/3aII/surface/3aII_1912SE_2.jpg,/home/ikk/renal-calculi-classificaction/DATASET/RESIZED/3aII/surface/MASKS/3aII_1912SE_2_mask.png,1,3aII,surface,3aII_1912SE,1,1,3,0.07477969,0.9252203
/home/ikk/renal-calculi-classificaction/DATASET/RESIZED/3aII/surface/3aII_1912SE.jpg,/home/ikk/renal-calculi-classificaction/DATASET/RESIZED/3aII/surface/MASKS/3aII_1912SE_mask.png,1,3aII,surface,3aII_1912SE,1,1,3,0.17080349,0.8291965
/home/ikk/renal-calculi-classificaction/DATASET/RESIZED/3aII/surface/3aII_1994SE.jpg,/home/ikk/renal-calculi-classificaction/DATASET/RESIZED/3aII/surface/MASKS/3aII_1994SE_mask.png,1,3aII,surface,3aII_1994SE,1,1,3,0.030765772,0.9692342
/home/ikk/renal-calculi-classificaction/DATASET/RESIZED/3aII/surface/3aII_2107SE.jpg,/home/ikk/renal-calculi-classificaction/DATASET/RESIZED/3aII/surface/MASKS/3aII_2107SE_mask.png,1,3aII,surface,3aII_2107SE,1,1,3,0.085463524,0.9145365
/home/ikk/renal-calculi-classificaction/DATASET/RESIZED/3aII/surface/3aII_2530SE.png,/home/ikk/renal-calculi-classificaction/DATASET/RESIZED/3aII/surface/MASKS/3aII_2530SE_mask.png,1,3aII,surface,3aII_2530SE,1,1,3,0.18987554,0.81012446
/home/ikk/renal-calculi-classificaction/DATASET/RESIZED/3aII/surface/3aII_3117SE_1.png,/home/ikk/renal-calculi-classificaction/DATASET/RESIZED/3aII/surface/MASKS/3aII_3117SE_1_mask.png,1,3aII,surface,3aII_3117SE,1,1,3,0.026707888,0.9732921
/home/ikk/renal-calculi-classificaction/DATASET/RESIZED/3aII/surface/3aII_3114SE.png,/home/ikk/renal-calculi-classificaction/DATASET/RESIZED/3aII/surface/MASKS/3aII_3114SE_mask.png,1,3aII,surface,3aII_3114SE,1,1,3,0.011197627,0.9888024
/home/ikk/renal-calculi-classificaction/DATASET/RESIZED/3bII/surface/3bII_1973SE.jpg,/home/ikk/renal-calculi-classificaction/DATASET/RESIZED/3bII/surface/MASKS/3bII_1973SE_mask.png,1,3bII,surface,3bII_1973SE,1,1,3,0.033785105,0.9662149
/home/ikk/renal-calculi-classificaction/DATASET/RESIZED/3bII/surface/3bII_2768SE.jpg,/home/ikk/renal-calculi-classificaction/DATASET/RESIZED/3bII/surface/MASKS/3bII_2768SE_mask.png,1,3bII,surface,3bII_2768SE,0,1,3,0.9903061,0.009693936
/home/ikk/renal-calculi-classificaction/DATASET/RESIZED/3bII/surface/3bII_1819SE.jpg,/home/ikk/renal-calculi-classificaction/DATASET/RESIZED/3bII/surface/MASKS/3bII_1819SE_mask.png,1,3bII,surface,3bII_1819SE,1,1,3,0.2909429,0.7090571
/home/ikk/renal-calculi-classificaction/DATASET/RESIZED/3bII/surface/3bII_2419SE.png,/home/ikk/renal-calculi-classificaction/DATASET/RESIZED/3bII/surface/MASKS/3bII_2419SE_mask.png,1,3bII,surface,3bII_2419SE,0,1,3,0.76925045,0.23074956
/home/ikk/renal-calculi-classificaction/DATASET/RESIZED/3bII/surface/3bII_2305SE.png,/home/ikk/renal-calculi-classificaction/DATASET/RESIZED/3bII/surface/MASKS/3bII_2305SE_mask.png,1,3bII,surface,3bII_2305SE,1,1,3,0.40668964,0.59331036
/home/ikk/renal-calculi-classificaction/DATASET/RESIZED/3bII/surface/3bII_3047SE_surface.png,/home/ikk/renal-calculi-classificaction/DATASET/RESIZED/3bII/surface/MASKS/3bII_3047SE_surface_mask.png,1,3bII,surface,3bII_3047SE,0,1,3,0.5817547,0.41824535
/home/ikk/renal-calculi-classificaction/DATASET/RESIZED/3bII/section/3bII_1818SE_2.jpg,/home/ikk/renal-calculi-classificaction/DATASET/RESIZED/3bII/section/MASKS/3bII_1818SE_2_mask.png,1,3bII,section,3bII_1818SE,0,1,3,0.847386,0.15261401
/home/ikk/renal-calculi-classificaction/DATASET/RESIZED/3bII/section/3bII_3047SE_section.png,/home/ikk/renal-calculi-classificaction/DATASET/RESIZED/3bII/section/MASKS/3bII_3047SE_section_mask.png,1,3bII,section,3bII_3047SE,1,1,3,0.1289534,0.8710466
/home/ikk/renal-calculi-classificaction/DATASET/RESIZED/3bII/section/3bII_2492SE.png,/home/ikk/renal-calculi-classificaction/DATASET/RESIZED/3bII/section/MASKS/3bII_2492SE_mask.png,1,3bII,section,3bII_2492SE,1,1,3,0.45556748,0.5444325
/home/ikk/renal-calculi-classificaction/DATASET/RESIZED/3bII/section/3bII_3476SE.png,/home/ikk/renal-calculi-classificaction/DATASET/RESIZED/3bII/section/MASKS/3bII_3476SE_mask.png,1,3bII,section,3bII_3476SE,1,1,3,0.2063238,0.7936762
/home/ikk/renal-calculi-classificaction/DATASET/RESIZED/3bII/section/3bII_2071SE.jpg,/home/ikk/renal-calculi-classificaction/DATASET/RESIZED/3bII/section/MASKS/3bII_2071SE_mask.png,1,3bII,section,3bII_2071SE,1,1,3,0.10420889,0.8957911
/home/ikk/renal-calculi-classificaction/DATASET/RESIZED/2a/surface/2a_1800SE.jpg,/home/ikk/renal-calculi-classificaction/DATASET/RESIZED/2a/surface/MASKS/2a_1800SE_mask.png,0,2a,surface,2a_1800SE,0,0,3,0.77063555,0.22936444
/home/ikk/renal-calculi-classificaction/DATASET/RESIZED/2a/surface/2a_1964SE.jpg,/home/ikk/renal-calculi-classificaction/DATASET/RESIZED/2a/surface/MASKS/2a_1964SE_mask.png,0,2a,surface,2a_1964SE,0,0,3,0.9934092,0.0065907673
/home/ikk/renal-calculi-classificaction/DATASET/RESIZED/2a/surface/2a_3333SE.jpg,/home/ikk/renal-calculi-classificaction/DATASET/RESIZED/2a/surface/MASKS/2a_3333SE_mask.png,0,2a,surface,2a_3333SE,1,0,3,0.3855924,0.6144076
/home/ikk/renal-calculi-classificaction/DATASET/RESIZED/2a/surface/2a_583CP.jpg,/home/ikk/renal-calculi-classificaction/DATASET/RESIZED/2a/surface/MASKS/2a_583CP_mask.png,0,2a,surface,2a_583CP,0,0,3,0.9937452,0.0062547955
/home/ikk/renal-calculi-classificaction/DATASET/RESIZED/2a/surface/2a_1802SE.jpg,/home/ikk/renal-calculi-classificaction/DATASET/RESIZED/2a/surface/MASKS/2a_1802SE_mask.png,0,2a,surface,2a_1802SE,0,0,3,0.8939894,0.10601064
/home/ikk/renal-calculi-classificaction/DATASET/RESIZED/2a/surface/2a_2348SE.png,/home/ikk/renal-calculi-classificaction/DATASET/RESIZED/2a/surface/MASKS/2a_2348SE_mask.png,0,2a,surface,2a_2348SE,0,0,3,0.6508171,0.3491829
/home/ikk/renal-calculi-classificaction/DATASET/RESIZED/2a/section/2a_2749SE.jpg,/home/ikk/renal-calculi-classificaction/DATASET/RESIZED/2a/section/MASKS/2a_2749SE_mask.png,0,2a,section,2a_2749SE,0,0,3,0.66803664,0.33196336
/home/ikk/renal-calculi-classificaction/DATASET/RESIZED/2a/section/2a_1802SE_2.jpg,/home/ikk/renal-calculi-classificaction/DATASET/RESIZED/2a/section/MASKS/2a_1802SE_2_mask.png,0,2a,section,2a_1802SE,0,0,3,0.8751098,0.124890216
/home/ikk/renal-calculi-classificaction/DATASET/RESIZED/2a/section/2a_2335SE.png,/home/ikk/renal-calculi-classificaction/DATASET/RESIZED/2a/section/MASKS/2a_2335SE_mask.png,0,2a,section,2a_2335SE,0,0,3,0.98097306,0.019026952
/home/ikk/renal-calculi-classificaction/DATASET/RESIZED/2a/section/2a_2602SE.png,/home/ikk/renal-calculi-classificaction/DATASET/RESIZED/2a/section/MASKS/2a_2602SE_mask.png,0,2a,section,2a_2602SE,0,0,3,0.9922504,0.0077496427
/home/ikk/renal-calculi-classificaction/DATASET/RESIZED/2a/section/2a_2148SE.jpg,/home/ikk/renal-calculi-classificaction/DATASET/RESIZED/2a/section/MASKS/2a_2148SE_mask.png,0,2a,section,2a_2148SE,0,0,3,0.98196083,0.018039191
/home/ikk/renal-calculi-classificaction/DATASET/RESIZED/2a/section/2a_1910SE.jpg,/home/ikk/renal-calculi-classificaction/DATASET/RESIZED/2a/section/MASKS/2a_1910SE_mask.png,0,2a,section,2a_1910SE,0,0,3,0.6855978,0.31440225
/home/ikk/renal-calculi-classificaction/DATASET/RESIZED/2a/section/2a_2049SE.jpg,/home/ikk/renal-calculi-classificaction/DATASET/RESIZED/2a/section/MASKS/2a_2049SE_mask.png,0,2a,section,2a_2049SE,0,0,3,0.9200774,0.07992263
/home/ikk/renal-calculi-classificaction/DATASET/RESIZED/2a/section/2a_3025SE.jpg,/home/ikk/renal-calculi-classificaction/DATASET/RESIZED/2a/section/MASKS/2a_3025SE_mask.png,0,2a,section,2a_3025SE,1,0,3,0.15518486,0.84481514
/home/ikk/renal-calculi-classificaction/DATASET/RESIZED/2a/section/2aCOD_sup_2578SE.png,/home/ikk/renal-calculi-classificaction/DATASET/RESIZED/2a/section/MASKS/2aCOD_sup_2578SE_mask.png,0,2a,section,2aCOD_sup_2578SE,1,0,3,0.1515572,0.8484428
/home/ikk/renal-calculi-classificaction/DATASET/RESIZED/2a/section/2a_3382SE.jpg,/home/ikk/renal-calculi-classificaction/DATASET/RESIZED/2a/section/MASKS/2a_3382SE_mask.png,0,2a,section,2a_3382SE,1,0,3,0.40803212,0.5919679
/home/ikk/renal-calculi-classificaction/DATASET/RESIZED/4II-4I/surface/4II_2731SE.jpg,/home/ikk/renal-calculi-classificaction/DATASET/RESIZED/4II-4I/surface/MASKS/4II_2731SE_mask.png,1,4II-4I,surface,4II_2731SE,1,1,3,0.08549309,0.9145069
/home/ikk/renal-calculi-classificaction/DATASET/RESIZED/4II-4I/surface/4II_1.jpg,/home/ikk/renal-calculi-classificaction/DATASET/RESIZED/4II-4I/surface/MASKS/4II_1_mask.png,1,4II-4I,surface,4II_1,1,1,3,0.017093897,0.9829061
/home/ikk/renal-calculi-classificaction/DATASET/RESIZED/4II-4I/section/4I_1872SE.jpg,/home/ikk/renal-calculi-classificaction/DATASET/RESIZED/4II-4I/section/MASKS/4I_1872SE_mask.png,1,4II-4I,section,4I_1872SE,1,1,3,0.22934812,0.7706519
/home/ikk/renal-calculi-classificaction/DATASET/RESIZED/4II-4I/section/4II_1993SE.jpg,/home/ikk/renal-calculi-classificaction/DATASET/RESIZED/4II-4I/section/MASKS/4II_1993SE_mask.png,1,4II-4I,section,4II_1993SE,1,1,3,0.07743943,0.9225606
/home/ikk/renal-calculi-classificaction/DATASET/RESIZED/4II-4I/section/4II_2168SE.jpg,/home/ikk/renal-calculi-classificaction/DATASET/RESIZED/4II-4I/section/MASKS/4II_2168SE_mask.png,1,4II-4I,section,4II_2168SE,1,1,3,0.05419582,0.9458042
/home/ikk/renal-calculi-classificaction/DATASET/RESIZED/4II-4I/section/4I_2427SE.png,/home/ikk/renal-calculi-classificaction/DATASET/RESIZED/4II-4I/section/MASKS/4I_2427SE_mask.png,1,4II-4I,section,4I_2427SE,0,1,3,0.77338433,0.22661565
/home/ikk/renal-calculi-classificaction/DATASET/RESIZED/4II-4I/section/4I_3373SE.jpg,/home/ikk/renal-calculi-classificaction/DATASET/RESIZED/4II-4I/section/MASKS/4I_3373SE_mask.png,1,4II-4I,section,4I_3373SE,1,1,3,0.25056976,0.74943024
/home/ikk/renal-calculi-classificaction/DATASET/RESIZED/4II-4I/section/4I_2531SE.png,/home/ikk/renal-calculi-classificaction/DATASET/RESIZED/4II-4I/section/MASKS/4I_2531SE_mask.png,1,4II-4I,section,4I_2531SE,1,1,3,0.03735578,0.9626442
/home/ikk/renal-calculi-classificaction/DATASET/RESIZED/4II-4I/section/4II_8.png,/home/ikk/renal-calculi-classificaction/DATASET/RESIZED/4II-4I/section/MASKS/4II_8_mask.png,1,4II-4I,section,4II_8,1,1,3,0.00785929,0.9921407
/home/ikk/renal-calculi-classificaction/DATASET/RESIZED/4II-4I/section/4II_2439SE.png,/home/ikk/renal-calculi-classificaction/DATASET/RESIZED/4II-4I/section/MASKS/4II_2439SE_mask.png,1,4II-4I,section,4II_2439SE,1,1,3,0.015234232,0.98476577
/home/ikk/renal-calculi-classificaction/DATASET/RESIZED/4II-4I/section/4II_3166SE.jpg,/home/ikk/renal-calculi-classificaction/DATASET/RESIZED/4II-4I/section/MASKS/4II_3166SE_mask.png,1,4II-4I,section,4II_3166SE,1,1,3,0.012931943,0.98706806
/home/ikk/renal-calculi-classificaction/DATASET/RESIZED/1aI/surface/1aI_3196SE_1.jpg,/home/ikk/renal-calculi-classificaction/DATASET/RESIZED/1aI/surface/MASKS/1aI_3196SE_1_mask.png,0,1aI,surface,1aI_3196SE,0,0,3,0.83038914,0.16961089
/home/ikk/renal-calculi-classificaction/DATASET/RESIZED/1aI/surface/1aI_3302SE.jpg,/home/ikk/renal-calculi-classificaction/DATASET/RESIZED/1aI/surface/MASKS/1aI_3302SE_mask.png,0,1aI,surface,1aI_3302SE,0,0,3,0.5860164,0.41398358
/home/ikk/renal-calculi-classificaction/DATASET/RESIZED/1aI/surface/1aI_COD_sup_3317SE.jpg,/home/ikk/renal-calculi-classificaction/DATASET/RESIZED/1aI/surface/MASKS/1aI_COD_sup_3317SE_mask.png,0,1aI,surface,1aI_COD_sup_3317SE,0,0,3,0.9205901,0.07940988
/home/ikk/renal-calculi-classificaction/DATASET/RESIZED/1aI/surface/1aI_1992SE_2.jpg,/home/ikk/renal-calculi-classificaction/DATASET/RESIZED/1aI/surface/MASKS/1aI_1992SE_2_mask.png,0,1aI,surface,1aI_1992SE,0,0,3,0.9748519,0.025148103
/home/ikk/renal-calculi-classificaction/DATASET/RESIZED/1aI/surface/1aI_2411SE_1.png,/home/ikk/renal-calculi-classificaction/DATASET/RESIZED/1aI/surface/MASKS/1aI_2411SE_1_mask.png,0,1aI,surface,1aI_2411SE,1,0,3,0.096179724,0.9038203
/home/ikk/renal-calculi-classificaction/DATASET/RESIZED/1aI/surface/1aI_1992SE_1.jpg,/home/ikk/renal-calculi-classificaction/DATASET/RESIZED/1aI/surface/MASKS/1aI_1992SE_1_mask.png,0,1aI,surface,1aI_1992SE,0,0,3,0.9902299,0.009770115
/home/ikk/renal-calculi-classificaction/DATASET/RESIZED/1aI/surface/1aI_2016SE.jpg,/home/ikk/renal-calculi-classificaction/DATASET/RESIZED/1aI/surface/MASKS/1aI_2016SE_mask.png,0,1aI,surface,1aI_2016SE,0,0,3,0.98535764,0.01464238
/home/ikk/renal-calculi-classificaction/DATASET/RESIZED/1aI/surface/1aI_1934SE.jpg,/home/ikk/renal-calculi-classificaction/DATASET/RESIZED/1aI/surface/MASKS/1aI_1934SE_mask.png,0,1aI,surface,1aI_1934SE,1,0,3,0.4121213,0.5878787
/home/ikk/renal-calculi-classificaction/DATASET/RESIZED/1aI/surface/1aI_2676SE.png,/home/ikk/renal-calculi-classificaction/DATASET/RESIZED/1aI/surface/MASKS/1aI_2676SE_mask.png,0,1aI,surface,1aI_2676SE,0,0,3,0.975071,0.024928974
/home/ikk/renal-calculi-classificaction/DATASET/RESIZED/1aI/section/1aI_3196SE_2.jpg,/home/ikk/renal-calculi-classificaction/DATASET/RESIZED/1aI/section/MASKS/1aI_3196SE_2_mask.png,0,1aI,section,1aI_3196SE,0,0,3,0.9606401,0.039359923
/home/ikk/renal-calculi-classificaction/DATASET/RESIZED/1aI/section/1aI_COD_sup_2058SE.jpg,/home/ikk/renal-calculi-classificaction/DATASET/RESIZED/1aI/section/MASKS/1aI_COD_sup_2058SE_mask.png,0,1aI,section,1aI_COD_sup_2058SE,1,0,3,0.28045392,0.7195461
/home/ikk/renal-calculi-classificaction/DATASET/RESIZED/1aI/section/1aI_2411SE_2.png,/home/ikk/renal-calculi-classificaction/DATASET/RESIZED/1aI/section/MASKS/1aI_2411SE_2_mask.png,0,1aI,section,1aI_2411SE,1,0,3,0.05352497,0.946475
/home/ikk/renal-calculi-classificaction/DATASET/RESIZED/1aI/section/1aI_1934SE_2.jpg,/home/ikk/renal-calculi-classificaction/DATASET/RESIZED/1aI/section/MASKS/1aI_1934SE_2_mask.png,0,1aI,section,1aI_1934SE,0,0,3,0.9896383,0.010361681
/home/ikk/renal-calculi-classificaction/DATASET/RESIZED/6/surface/6_2662SE_surface.png,/home/ikk/renal-calculi-classificaction/DATASET/RESIZED/6/surface/MASKS/6_2662SE_surface_mask.png,1,6,surface,6_2662SE,1,1,4,0.027160645,0.97283936
/home/ikk/renal-calculi-classificaction/DATASET/RESIZED/6/surface/6_3002SE.jpg,/home/ikk/renal-calculi-classificaction/DATASET/RESIZED/6/surface/MASKS/6_3002SE_mask.png,1,6,surface,6_3002SE,1,1,4,0.017729342,0.98227066
/home/ikk/renal-calculi-classificaction/DATASET/RESIZED/6/section/6_2009SE.jpg,/home/ikk/renal-calculi-classificaction/DATASET/RESIZED/6/section/MASKS/6_2009SE_mask.png,1,6,section,6_2009SE,1,1,4,0.068109274,0.9318907
/home/ikk/renal-calculi-classificaction/DATASET/RESIZED/6/section/6_2662SE_section.png,/home/ikk/renal-calculi-classificaction/DATASET/RESIZED/6/section/MASKS/6_2662SE_section_mask.png,1,6,section,6_2662SE,1,1,4,0.028728366,0.97127163
/home/ikk/renal-calculi-classificaction/DATASET/RESIZED/6/section/6_3230SE.jpg,/home/ikk/renal-calculi-classificaction/DATASET/RESIZED/6/section/MASKS/6_3230SE_mask.png,1,6,section,6_3230SE,1,1,4,0.022121668,0.97787833
/home/ikk/renal-calculi-classificaction/DATASET/RESIZED/6/section/6_2274SE.png,/home/ikk/renal-calculi-classificaction/DATASET/RESIZED/6/section/MASKS/6_2274SE_mask.png,1,6,section,6_2274SE,1,1,4,0.028674603,0.9713254
/home/ikk/renal-calculi-classificaction/DATASET/RESIZED/8aI - 8aII/surface/8aII_3026SE.jpg,/home/ikk/renal-calculi-classificaction/DATASET/RESIZED/8aI - 8aII/surface/MASKS/8aII_3026SE_mask.png,1,8aI - 8aII,surface,8aII_3026SE,1,1,4,0.07558793,0.9244121
/home/ikk/renal-calculi-classificaction/DATASET/RESIZED/8aI - 8aII/surface/8aII_2826SE.jpg,/home/ikk/renal-calculi-classificaction/DATASET/RESIZED/8aI - 8aII/surface/MASKS/8aII_2826SE_mask.png,1,8aI - 8aII,surface,8aII_2826SE,1,1,4,0.081569016,0.918431
/home/ikk/renal-calculi-classificaction/DATASET/RESIZED/8aI - 8aII/surface/8aII_1874SE.jpg,/home/ikk/renal-calculi-classificaction/DATASET/RESIZED/8aI - 8aII/surface/MASKS/8aII_1874SE_mask.png,1,8aI - 8aII,surface,8aII_1874SE,1,1,4,0.015689611,0.9843104
/home/ikk/renal-calculi-classificaction/DATASET/RESIZED/8aI - 8aII/section/8aII_2146SE.jpg,/home/ikk/renal-calculi-classificaction/DATASET/RESIZED/8aI - 8aII/section/MASKS/8aII_2146SE_mask.png,1,8aI - 8aII,section,8aII_2146SE,1,1,4,0.1559487,0.8440513
/home/ikk/renal-calculi-classificaction/DATASET/RESIZED/8aI - 8aII/section/8aII_2515SE.png,/home/ikk/renal-calculi-classificaction/DATASET/RESIZED/8aI - 8aII/section/MASKS/8aII_2515SE_mask.png,1,8aI - 8aII,section,8aII_2515SE,0,1,4,0.5490042,0.45099577
/home/ikk/renal-calculi-classificaction/DATASET/RESIZED/8aI - 8aII/section/8aII_1874SE_2.jpg,/home/ikk/renal-calculi-classificaction/DATASET/RESIZED/8aI - 8aII/section/MASKS/8aII_1874SE_2_mask.png,1,8aI - 8aII,section,8aII_1874SE,1,1,4,0.025981903,0.9740181
/home/ikk/renal-calculi-classificaction/DATASET/RESIZED/8aI - 8aII/section/8aII_3118SE.png,/home/ikk/renal-calculi-classificaction/DATASET/RESIZED/8aI - 8aII/section/MASKS/8aII_3118SE_mask.png,1,8aI - 8aII,section,8aII_3118SE,1,1,4,0.009745657,0.99025434
/home/ikk/renal-calculi-classificaction/DATASET/RESIZED/3aII/surface/3aII_1786SE.jpg,/home/ikk/renal-calculi-classificaction/DATASET/RESIZED/3aII/surface/MASKS/3aII_1786SE_mask.png,1,3aII,surface,3aII_1786SE,1,1,4,0.07435548,0.9256445
/home/ikk/renal-calculi-classificaction/DATASET/RESIZED/3aII/surface/3aII_3176SE.jpg,/home/ikk/renal-calculi-classificaction/DATASET/RESIZED/3aII/surface/MASKS/3aII_3176SE_mask.png,1,3aII,surface,3aII_3176SE,1,1,4,0.028666139,0.97133386
/home/ikk/renal-calculi-classificaction/DATASET/RESIZED/3aII/section/3aII_2536SE.png,/home/ikk/renal-calculi-classificaction/DATASET/RESIZED/3aII/section/MASKS/3aII_2536SE_mask.png,1,3aII,section,3aII_2536SE,1,1,4,0.38176537,0.61823463
/home/ikk/renal-calculi-classificaction/DATASET/RESIZED/3bII/surface/3bII_2243SE.jpg,/home/ikk/renal-calculi-classificaction/DATASET/RESIZED/3bII/surface/MASKS/3bII_2243SE_mask.png,1,3bII,surface,3bII_2243SE,1,1,4,0.016651452,0.98334855
/home/ikk/renal-calculi-classificaction/DATASET/RESIZED/3bII/surface/3bII_2318SE.png,/home/ikk/renal-calculi-classificaction/DATASET/RESIZED/3bII/surface/MASKS/3bII_2318SE_mask.png,1,3bII,surface,3bII_2318SE,1,1,4,0.22100067,0.7789993
/home/ikk/renal-calculi-classificaction/DATASET/RESIZED/3bII/surface/3bII_3262SE.jpg,/home/ikk/renal-calculi-classificaction/DATASET/RESIZED/3bII/surface/MASKS/3bII_3262SE_mask.png,1,3bII,surface,3bII_3262SE,0,1,4,0.95310104,0.04689895
/home/ikk/renal-calculi-classificaction/DATASET/RESIZED/3bII/surface/3bII_1958SE.jpg,/home/ikk/renal-calculi-classificaction/DATASET/RESIZED/3bII/surface/MASKS/3bII_1958SE_mask.png,1,3bII,surface,3bII_1958SE,1,1,4,0.15606803,0.843932
/home/ikk/renal-calculi-classificaction/DATASET/RESIZED/3bII/surface/3bII_2102SE.jpg,/home/ikk/renal-calculi-classificaction/DATASET/RESIZED/3bII/surface/MASKS/3bII_2102SE_mask.png,1,3bII,surface,3bII_2102SE,1,1,4,0.18405056,0.81594944
/home/ikk/renal-calculi-classificaction/DATASET/RESIZED/3bII/surface/3bII_1888SE.jpg,/home/ikk/renal-calculi-classificaction/DATASET/RESIZED/3bII/surface/MASKS/3bII_1888SE_mask.png,1,3bII,surface,3bII_1888SE,1,1,4,0.36395097,0.63604903
/home/ikk/renal-calculi-classificaction/DATASET/RESIZED/3bII/surface/3bII_MO_1895SE.jpg,/home/ikk/renal-calculi-classificaction/DATASET/RESIZED/3bII/surface/MASKS/3bII_MO_1895SE_mask.png,1,3bII,surface,3bII_MO_1895SE,1,1,4,0.37840277,0.62159723
/home/ikk/renal-calculi-classificaction/DATASET/RESIZED/3bII/section/3bII_1.jpg,/home/ikk/renal-calculi-classificaction/DATASET/RESIZED/3bII/section/MASKS/3bII_1_mask.png,1,3bII,section,3bII_1,1,1,4,0.012500823,0.9874992
/home/ikk/renal-calculi-classificaction/DATASET/RESIZED/3bII/section/3bII_2495SE.png,/home/ikk/renal-calculi-classificaction/DATASET/RESIZED/3bII/section/MASKS/3bII_2495SE_mask.png,1,3bII,section,3bII_2495SE,0,1,4,0.5929899,0.40701008
/home/ikk/renal-calculi-classificaction/DATASET/RESIZED/3bII/section/3bII_2847SE.jpg,/home/ikk/renal-calculi-classificaction/DATASET/RESIZED/3bII/section/MASKS/3bII_2847SE_mask.png,1,3bII,section,3bII_2847SE,1,1,4,0.05658114,0.94341886
/home/ikk/renal-calculi-classificaction/DATASET/RESIZED/3bII/section/3bII_4.jpg,/home/ikk/renal-calculi-classificaction/DATASET/RESIZED/3bII/section/MASKS/3bII_4_mask.png,1,3bII,section,3bII_4,1,1,4,0.01880616,0.98119384
/home/ikk/renal-calculi-classificaction/DATASET/RESIZED/2a/surface/2a_3469SE_1.png,/home/ikk/renal-calculi-classificaction/DATASET/RESIZED/2a/surface/MASKS/2a_3469SE_1_mask.png,0,2a,surface,2a_3469SE,0,0,4,0.65593714,0.34406286
/home/ikk/renal-calculi-classificaction/DATASET/RESIZED/2a/surface/2a_3337SE.jpg,/home/ikk/renal-calculi-classificaction/DATASET/RESIZED/2a/surface/MASKS/2a_3337SE_mask.png,0,2a,surface,2a_3337SE,0,0,4,0.9783611,0.02163889
/home/ikk/renal-calculi-classificaction/DATASET/RESIZED/2a/surface/2a_3098SE.png,/home/ikk/renal-calculi-classificaction/DATASET/RESIZED/2a/surface/MASKS/2a_3098SE_mask.png,0,2a,surface,2a_3098SE,0,0,4,0.9643576,0.03564237
/home/ikk/renal-calculi-classificaction/DATASET/RESIZED/2a/surface/2a_3367SE.jpg,/home/ikk/renal-calculi-classificaction/DATASET/RESIZED/2a/surface/MASKS/2a_3367SE_mask.png,0,2a,surface,2a_3367SE,0,0,4,0.9252668,0.074733175
/home/ikk/renal-calculi-classificaction/DATASET/RESIZED/2a/surface/2a_1940SE.jpg,/home/ikk/renal-calculi-classificaction/DATASET/RESIZED/2a/surface/MASKS/2a_1940SE_mask.png,0,2a,surface,2a_1940SE,0,0,4,0.70833623,0.2916638
/home/ikk/renal-calculi-classificaction/DATASET/RESIZED/2a/surface/2a_2297SE_1.png,/home/ikk/renal-calculi-classificaction/DATASET/RESIZED/2a/surface/MASKS/2a_2297SE_1_mask.png,0,2a,surface,2a_2297SE,0,0,4,0.83047384,0.16952614
/home/ikk/renal-calculi-classificaction/DATASET/RESIZED/2a/surface/2a_2073SE.jpg,/home/ikk/renal-calculi-classificaction/DATASET/RESIZED/2a/surface/MASKS/2a_2073SE_mask.png,0,2a,surface,2a_2073SE,0,0,4,0.6794274,0.32057258
/home/ikk/renal-calculi-classificaction/DATASET/RESIZED/2a/surface/2a_1991SE_1.jpg,/home/ikk/renal-calculi-classificaction/DATASET/RESIZED/2a/surface/MASKS/2a_1991SE_1_mask.png,0,2a,surface,2a_1991SE,0,0,4,0.98782575,0.012174253
/home/ikk/renal-calculi-classificaction/DATASET/RESIZED/2a/section/2a_1940SE_2.jpg,/home/ikk/renal-calculi-classificaction/DATASET/RESIZED/2a/section/MASKS/2a_1940SE_2_mask.png,0,2a,section,2a_1940SE,1,0,4,0.04098785,0.95901215
/home/ikk/renal-calculi-classificaction/DATASET/RESIZED/2a/section/2a_2867SE.jpg,/home/ikk/renal-calculi-classificaction/DATASET/RESIZED/2a/section/MASKS/2a_2867SE_mask.png,0,2a,section,2a_2867SE,0,0,4,0.9828704,0.017129624
/home/ikk/renal-calculi-classificaction/DATASET/RESIZED/2a/section/2a_COD_sup_2283SE.png,/home/ikk/renal-calculi-classificaction/DATASET/RESIZED/2a/section/MASKS/2a_COD_sup_2283SE_mask.png,0,2a,section,2a_COD_sup_2283SE,0,0,4,0.9051057,0.09489431
/home/ikk/renal-calculi-classificaction/DATASET/RESIZED/2a/section/2a_2149SE_1.jpg,/home/ikk/renal-calculi-classificaction/DATASET/RESIZED/2a/section/MASKS/2a_2149SE_1_mask.png,0,2a,section,2a_2149SE,0,0,4,0.97956306,0.02043692
/home/ikk/renal-calculi-classificaction/DATASET/RESIZED/2a/section/2a_2179SE.jpg,/home/ikk/renal-calculi-classificaction/DATASET/RESIZED/2a/section/MASKS/2a_2179SE_mask.png,0,2a,section,2a_2179SE,0,0,4,0.98321813,0.016781885
/home/ikk/renal-calculi-classificaction/DATASET/RESIZED/2a/section/2a_2580SE.png,/home/ikk/renal-calculi-classificaction/DATASET/RESIZED/2a/section/MASKS/2a_2580SE_mask.png,0,2a,section,2a_2580SE,0,0,4,0.7291571,0.27084294
/home/ikk/renal-calculi-classificaction/DATASET/RESIZED/2a/section/2a_2091SE.jpg,/home/ikk/renal-calculi-classificaction/DATASET/RESIZED/2a/section/MASKS/2a_2091SE_mask.png,0,2a,section,2a_2091SE,1,0,4,0.048264742,0.95173526
/home/ikk/renal-calculi-classificaction/DATASET/RESIZED/2a/section/2a_2297SE_2.png,/home/ikk/renal-calculi-classificaction/DATASET/RESIZED/2a/section/MASKS/2a_2297SE_2_mask.png,0,2a,section,2a_2297SE,0,0,4,0.986148,0.013851978
/home/ikk/renal-calculi-classificaction/DATASET/RESIZED/2a/section/2a_1991SE_2.jpg,/home/ikk/renal-calculi-classificaction/DATASET/RESIZED/2a/section/MASKS/2a_1991SE_2_mask.png,0,2a,section,2a_1991SE,0,0,4,0.9655209,0.03447908
/home/ikk/renal-calculi-classificaction/DATASET/RESIZED/2a/section/2a_2149SE_2.jpg,/home/ikk/renal-calculi-classificaction/DATASET/RESIZED/2a/section/MASKS/2a_2149SE_2_mask.png,0,2a,section,2a_2149SE,0,0,4,0.9153969,0.084603086
/home/ikk/renal-calculi-classificaction/DATASET/RESIZED/2a/section/2a_1830SE.jpg,/home/ikk/renal-calculi-classificaction/DATASET/RESIZED/2a/section/MASKS/2a_1830SE_mask.png,0,2a,section,2a_1830SE,0,0,4,0.5288054,0.47119462
/home/ikk/renal-calculi-classificaction/DATASET/RESIZED/2a/section/2a_3469SE_2.png,/home/ikk/renal-calculi-classificaction/DATASET/RESIZED/2a/section/MASKS/2a_3469SE_2_mask.png,0,2a,section,2a_3469SE,1,0,4,0.36397046,0.63602954
/home/ikk/renal-calculi-classificaction/DATASET/RESIZED/2a/section/2a_2710SE.jpg,/home/ikk/renal-calculi-classificaction/DATASET/RESIZED/2a/section/MASKS/2a_2710SE_mask.png,0,2a,section,2a_2710SE,0,0,4,0.7307761,0.26922396
/home/ikk/renal-calculi-classificaction/DATASET/RESIZED/2a/section/2aCOD_sup_3207SE.jpg,/home/ikk/renal-calculi-classificaction/DATASET/RESIZED/2a/section/MASKS/2aCOD_sup_3207SE_mask.png,0,2a,section,2aCOD_sup_3207SE,0,0,4,0.824753,0.17524701
/home/ikk/renal-calculi-classificaction/DATASET/RESIZED/4II-4I/surface/4II_5.jpg,/home/ikk/renal-calculi-classificaction/DATASET/RESIZED/4II-4I/surface/MASKS/4II_5_mask.png,1,4II-4I,surface,4II_5,1,1,4,0.004835248,0.99516475
/home/ikk/renal-calculi-classificaction/DATASET/RESIZED/4II-4I/surface/4I_1879SE.jpg,/home/ikk/renal-calculi-classificaction/DATASET/RESIZED/4II-4I/surface/MASKS/4I_1879SE_mask.png,1,4II-4I,surface,4I_1879SE,1,1,4,0.07788086,0.92211914
/home/ikk/renal-calculi-classificaction/DATASET/RESIZED/4II-4I/surface/4II_2201SE.jpg,/home/ikk/renal-calculi-classificaction/DATASET/RESIZED/4II-4I/surface/MASKS/4II_2201SE_mask.png,1,4II-4I,surface,4II_2201SE,1,1,4,0.0069744587,0.99302554
/home/ikk/renal-calculi-classificaction/DATASET/RESIZED/4II-4I/section/4II_1920SE.jpg,/home/ikk/renal-calculi-classificaction/DATASET/RESIZED/4II-4I/section/MASKS/4II_1920SE_mask.png,1,4II-4I,section,4II_1920SE,1,1,4,0.10079104,0.89920896
/home/ikk/renal-calculi-classificaction/DATASET/RESIZED/4II-4I/section/4I_2021SE.jpg,/home/ikk/renal-calculi-classificaction/DATASET/RESIZED/4II-4I/section/MASKS/4I_2021SE_mask.png,1,4II-4I,section,4I_2021SE,1,1,4,0.1900366,0.8099634
/home/ikk/renal-calculi-classificaction/DATASET/RESIZED/4II-4I/section/4I_3380SE.jpg,/home/ikk/renal-calculi-classificaction/DATASET/RESIZED/4II-4I/section/MASKS/4I_3380SE_mask.png,1,4II-4I,section,4I_3380SE,0,1,4,0.6749959,0.3250041
/home/ikk/renal-calculi-classificaction/DATASET/RESIZED/4II-4I/section/4II_2213SE.jpg,/home/ikk/renal-calculi-classificaction/DATASET/RESIZED/4II-4I/section/MASKS/4II_2213SE_mask.png,1,4II-4I,section,4II_2213SE,1,1,4,0.10418767,0.89581233
/home/ikk/renal-calculi-classificaction/DATASET/RESIZED/4II-4I/section/4II_3.jpg,/home/ikk/renal-calculi-classificaction/DATASET/RESIZED/4II-4I/section/MASKS/4II_3_mask.png,1,4II-4I,section,4II_3,0,1,4,0.9448538,0.05514623
/home/ikk/renal-calculi-classificaction/DATASET/RESIZED/4II-4I/section/4I_2761SE.jpg,/home/ikk/renal-calculi-classificaction/DATASET/RESIZED/4II-4I/section/MASKS/4I_2761SE_mask.png,1,4II-4I,section,4I_2761SE,1,1,4,0.018238306,0.9817617
/home/ikk/renal-calculi-classificaction/DATASET/RESIZED/4II-4I/section/4II_3338SE.jpg,/home/ikk/renal-calculi-classificaction/DATASET/RESIZED/4II-4I/section/MASKS/4II_3338SE_mask.png,1,4II-4I,section,4II_3338SE,0,1,4,0.89245665,0.10754338
/home/ikk/renal-calculi-classificaction/DATASET/RESIZED/1aI/surface/1aI_COD_sup_2088SE.jpg,/home/ikk/renal-calculi-classificaction/DATASET/RESIZED/1aI/surface/MASKS/1aI_COD_sup_2088SE_mask.png,0,1aI,surface,1aI_COD_sup_2088SE,0,0,4,0.98400766,0.015992323
/home/ikk/renal-calculi-classificaction/DATASET/RESIZED/1aI/surface/1aI_COD_sup_1828SE.jpg,/home/ikk/renal-calculi-classificaction/DATASET/RESIZED/1aI/surface/MASKS/1aI_COD_sup_1828SE_mask.png,0,1aI,surface,1aI_COD_sup_1828SE,0,0,4,0.78458405,0.21541597
/home/ikk/renal-calculi-classificaction/DATASET/RESIZED/1aI/surface/1aI_2110SE_5_LB.png,/home/ikk/renal-calculi-classificaction/DATASET/RESIZED/1aI/surface/MASKS/1aI_2110SE_5_LB_mask.png,0,1aI,surface,1aI_2110SE,0,0,4,0.91459626,0.08540375
/home/ikk/renal-calculi-classificaction/DATASET/RESIZED/1aI/surface/1aI_2110SE_1_LB.png,/home/ikk/renal-calculi-classificaction/DATASET/RESIZED/1aI/surface/MASKS/1aI_2110SE_1_LB_mask.png,0,1aI,surface,1aI_2110SE,0,0,4,0.96495825,0.035041776
/home/ikk/renal-calculi-classificaction/DATASET/RESIZED/1aI/surface/1aI_2110SE_4_LB.png,/home/ikk/renal-calculi-classificaction/DATASET/RESIZED/1aI/surface/MASKS/1aI_2110SE_4_LB_mask.png,0,1aI,surface,1aI_2110SE,0,0,4,0.98519343,0.014806581
/home/ikk/renal-calculi-classificaction/DATASET/RESIZED/1aI/surface/1aI_3369SE.jpg,/home/ikk/renal-calculi-classificaction/DATASET/RESIZED/1aI/surface/MASKS/1aI_3369SE_mask.png,0,1aI,surface,1aI_3369SE,1,0,4,0.4627115,0.5372885
/home/ikk/renal-calculi-classificaction/DATASET/RESIZED/1aI/surface/1aI_2110SE_3_LB.png,/home/ikk/renal-calculi-classificaction/DATASET/RESIZED/1aI/surface/MASKS/1aI_2110SE_3_LB_mask.png,0,1aI,surface,1aI_2110SE,0,0,4,0.96698695,0.03301304
/home/ikk/renal-calculi-classificaction/DATASET/RESIZED/1aI/surface/1aI_3199SE.jpg,/home/ikk/renal-calculi-classificaction/DATASET/RESIZED/1aI/surface/MASKS/1aI_3199SE_mask.png,0,1aI,surface,1aI_3199SE,0,0,4,0.96819174,0.031808235
/home/ikk/renal-calculi-classificaction/DATASET/RESIZED/1aI/surface/1aI_2046SE_1.jpg,/home/ikk/renal-calculi-classificaction/DATASET/RESIZED/1aI/surface/MASKS/1aI_2046SE_1_mask.png,0,1aI,surface,1aI_2046SE,0,0,4,0.8902797,0.109720305
/home/ikk/renal-calculi-classificaction/DATASET/RESIZED/1aI/surface/1aI_2110SE_2_LB.png,/home/ikk/renal-calculi-classificaction/DATASET/RESIZED/1aI/surface/MASKS/1aI_2110SE_2_LB_mask.png,0,1aI,surface,1aI_2110SE,0,0,4,0.96183157,0.038168453
/home/ikk/renal-calculi-classificaction/DATASET/RESIZED/1aI/surface/1aI_1781SE.jpg,/home/ikk/renal-calculi-classificaction/DATASET/RESIZED/1aI/surface/MASKS/1aI_1781SE_mask.png,0,1aI,surface,1aI_1781SE,0,0,4,0.9876698,0.012330164
/home/ikk/renal-calculi-classificaction/DATASET/RESIZED/1aI/surface/1a_3366SE_1.jpg,/home/ikk/renal-calculi-classificaction/DATASET/RESIZED/1aI/surface/MASKS/1a_3366SE_1_mask.png,0,1aI,surface,1a_3366SE,0,0,4,0.9635294,0.03647061
/home/ikk/renal-calculi-classificaction/DATASET/RESIZED/1aI/surface/1aI_1947SE.jpg,/home/ikk/renal-calculi-classificaction/DATASET/RESIZED/1aI/surface/MASKS/1aI_1947SE_mask.png,0,1aI,surface,1aI_1947SE,0,0,4,0.8281418,0.17185822
/home/ikk/renal-calculi-classificaction/DATASET/RESIZED/1aI/section/1aI_2046SE_3.jpg,/home/ikk/renal-calculi-classificaction/DATASET/RESIZED/1aI/section/MASKS/1aI_2046SE_3_mask.png,0,1aI,section,1aI_2046SE,0,0,4,0.86751676,0.13248326
/home/ikk/renal-calculi-classificaction/DATASET/RESIZED/1aI/section/1a_3366SE_2.jpg,/home/ikk/renal-calculi-classificaction/DATASET/RESIZED/1aI/section/MASKS/1a_3366SE_2_mask.png,0,1aI,section,1a_3366SE,0,0,4,0.846579,0.153421
/home/ikk/renal-calculi-classificaction/DATASET/RESIZED/1aI/section/1aI_2110SE_7_LB.png,/home/ikk/renal-calculi-classificaction/DATASET/RESIZED/1aI/section/MASKS/1aI_2110SE_7_LB_mask.png,0,1aI,section,1aI_2110SE,0,0,4,0.9665555,0.033444516
/home/ikk/renal-calculi-classificaction/DATASET/RESIZED/1aI/section/1aI_2110SE_6_LB.png,/home/ikk/renal-calculi-classificaction/DATASET/RESIZED/1aI/section/MASKS/1aI_2110SE_6_LB_mask.png,0,1aI,section,1aI_2110SE,0,0,4,0.58029217,0.41970783
/home/ikk/renal-calculi-classificaction/DATASET/RESIZED/1aI/section/1aI_2046SE_2.jpg,/home/ikk/renal-calculi-classificaction/DATASET/RESIZED/1aI/section/MASKS/1aI_2046SE_2_mask.png,0,1aI,section,1aI_2046SE,0,0,4,0.87092614,0.12907387
/home/ikk/renal-calculi-classificaction/DATASET/RESIZED/1aI/section/1aI_2779SE.jpg,/home/ikk/renal-calculi-classificaction/DATASET/RESIZED/1aI/section/MASKS/1aI_2779SE_mask.png,0,1aI,section,1aI_2779SE,0,0,4,0.9839075,0.016092451
/home/ikk/renal-calculi-classificaction/DATASET/RESIZED/1aI/section/1aI_1947SE_2.jpg,/home/ikk/renal-calculi-classificaction/DATASET/RESIZED/1aI/section/MASKS/1aI_1947SE_2_mask.png,0,1aI,section,1aI_1947SE,0,0,4,0.9761414,0.023858633
/home/ikk/renal-calculi-classificaction/DATASET/RESIZED/6/surface/6_2430SE.png,/home/ikk/renal-calculi-classificaction/DATASET/RESIZED/6/surface/MASKS/6_2430SE_mask.png,1,6,surface,6_2430SE,1,1,5,0.029978275,0.9700217
/home/ikk/renal-calculi-classificaction/DATASET/RESIZED/6/section/6_2278SE.png,/home/ikk/renal-calculi-classificaction/DATASET/RESIZED/6/section/MASKS/6_2278SE_mask.png,1,6,section,6_2278SE,1,1,5,0.3405949,0.6594051
/home/ikk/renal-calculi-classificaction/DATASET/RESIZED/6/section/6_2548SE.png,/home/ikk/renal-calculi-classificaction/DATASET/RESIZED/6/section/MASKS/6_2548SE_mask.png,1,6,section,6_2548SE,1,1,5,0.106996894,0.8930031
/home/ikk/renal-calculi-classificaction/DATASET/RESIZED/6/section/6_3253SE.jpg,/home/ikk/renal-calculi-classificaction/DATASET/RESIZED/6/section/MASKS/6_3253SE_mask.png,1,6,section,6_3253SE,1,1,5,0.014601231,0.98539877
/home/ikk/renal-calculi-classificaction/DATASET/RESIZED/6/section/6_3059SE.png,/home/ikk/renal-calculi-classificaction/DATASET/RESIZED/6/section/MASKS/6_3059SE_mask.png,1,6,section,6_3059SE,1,1,5,0.01476568,0.9852343
/home/ikk/renal-calculi-classificaction/DATASET/RESIZED/8aI - 8aII/surface/8aII_2951SE.jpg,/home/ikk/renal-calculi-classificaction/DATASET/RESIZED/8aI - 8aII/surface/MASKS/8aII_2951SE_mask.png,1,8aI - 8aII,surface,8aII_2951SE,1,1,5,0.11060578,0.8893942
/home/ikk/renal-calculi-classificaction/DATASET/RESIZED/8aI - 8aII/surface/8aII_1930SE.jpg,/home/ikk/renal-calculi-classificaction/DATASET/RESIZED/8aI - 8aII/surface/MASKS/8aII_1930SE_mask.png,1,8aI - 8aII,surface,8aII_1930SE,0,1,5,0.52313626,0.47686377
/home/ikk/renal-calculi-classificaction/DATASET/RESIZED/8aI - 8aII/surface/8aII_COM_min_1808SE.jpg,/home/ikk/renal-calculi-classificaction/DATASET/RESIZED/8aI - 8aII/surface/MASKS/8aII_COM_min_1808SE_mask.png,1,8aI - 8aII,surface,8aII_COM_min_1808SE,1,1,5,0.028100312,0.9718997
/home/ikk/renal-calculi-classificaction/DATASET/RESIZED/8aI - 8aII/surface/8aII_1936SE_surface.jpg,/home/ikk/renal-calculi-classificaction/DATASET/RESIZED/8aI - 8aII/surface/MASKS/8aII_1936SE_surface_mask.png,1,8aI - 8aII,surface,8aII_1936SE,0,1,5,0.96967226,0.030327735
/home/ikk/renal-calculi-classificaction/DATASET/RESIZED/8aI - 8aII/section/8aII_and_COM_minim_1977SE_2.jpg,/home/ikk/renal-calculi-classificaction/DATASET/RESIZED/8aI - 8aII/section/MASKS/8aII_and_COM_minim_1977SE_2_mask.png,1,8aI - 8aII,section,8aII_and_COM_minim_1977SE,1,1,5,0.07638508,0.9236149
/home/ikk/renal-calculi-classificaction/DATASET/RESIZED/8aI - 8aII/section/8aII_1936SE_section.jpg,/home/ikk/renal-calculi-classificaction/DATASET/RESIZED/8aI - 8aII/section/MASKS/8aII_1936SE_section_mask.png,1,8aI - 8aII,section,8aII_1936SE,1,1,5,0.32356197,0.67643803
/home/ikk/renal-calculi-classificaction/DATASET/RESIZED/8aI - 8aII/section/8aII_1936SE_2_.jpg,/home/ikk/renal-calculi-classificaction/DATASET/RESIZED/8aI - 8aII/section/MASKS/8aII_1936SE_2__mask.png,1,8aI - 8aII,section,8aII_1936SE,0,1,5,0.93608004,0.06391997
/home/ikk/renal-calculi-classificaction/DATASET/RESIZED/8aI - 8aII/section/8aII_1.jpg,/home/ikk/renal-calculi-classificaction/DATASET/RESIZED/8aI - 8aII/section/MASKS/8aII_1_mask.png,1,8aI - 8aII,section,8aII_1,1,1,5,0.4421029,0.5578971
/home/ikk/renal-calculi-classificaction/DATASET/RESIZED/8aI - 8aII/section/8aII_and_COM_minim_1977SE_1.jpg,/home/ikk/renal-calculi-classificaction/DATASET/RESIZED/8aI - 8aII/section/MASKS/8aII_and_COM_minim_1977SE_1_mask.png,1,8aI - 8aII,section,8aII_and_COM_minim_1977SE,1,1,5,0.16188544,0.83811456
/home/ikk/renal-calculi-classificaction/DATASET/RESIZED/3aII/surface/3aII_2047SE.jpg,/home/ikk/renal-calculi-classificaction/DATASET/RESIZED/3aII/surface/MASKS/3aII_2047SE_mask.png,1,3aII,surface,3aII_2047SE,1,1,5,0.25946337,0.74053663
/home/ikk/renal-calculi-classificaction/DATASET/RESIZED/3aII/surface/3aII_3381SE.jpg,/home/ikk/renal-calculi-classificaction/DATASET/RESIZED/3aII/surface/MASKS/3aII_3381SE_mask.png,1,3aII,surface,3aII_3381SE,0,1,5,0.648905,0.35109502
/home/ikk/renal-calculi-classificaction/DATASET/RESIZED/3aII/surface/3aII_3044SE.png,/home/ikk/renal-calculi-classificaction/DATASET/RESIZED/3aII/surface/MASKS/3aII_3044SE_mask.png,1,3aII,surface,3aII_3044SE,1,1,5,0.21919239,0.7808076
/home/ikk/renal-calculi-classificaction/DATASET/RESIZED/3aII/section/3aII_2654SE.png,/home/ikk/renal-calculi-classificaction/DATASET/RESIZED/3aII/section/MASKS/3aII_2654SE_mask.png,1,3aII,section,3aII_2654SE,0,1,5,0.8896693,0.110330686
/home/ikk/renal-calculi-classificaction/DATASET/RESIZED/3bII/surface/3bII_2024SE.jpg,/home/ikk/renal-calculi-classificaction/DATASET/RESIZED/3bII/surface/MASKS/3bII_2024SE_mask.png,1,3bII,surface,3bII_2024SE,1,1,5,0.18384415,0.81615585
/home/ikk/renal-calculi-classificaction/DATASET/RESIZED/3bII/surface/3bII_2663SE.png,/home/ikk/renal-calculi-classificaction/DATASET/RESIZED/3bII/surface/MASKS/3bII_2663SE_mask.png,1,3bII,surface,3bII_2663SE,1,1,5,0.030068338,0.96993166
/home/ikk/renal-calculi-classificaction/DATASET/RESIZED/3bII/surface/3bII_2434SE.png,/home/ikk/renal-calculi-classificaction/DATASET/RESIZED/3bII/surface/MASKS/3bII_2434SE_mask.png,1,3bII,surface,3bII_2434SE,0,1,5,0.61108446,0.38891557
/home/ikk/renal-calculi-classificaction/DATASET/RESIZED/3bII/surface/3bII_1914SE_2.jpg,/home/ikk/renal-calculi-classificaction/DATASET/RESIZED/3bII/surface/MASKS/3bII_1914SE_2_mask.png,1,3bII,surface,3bII_1914SE,1,1,5,0.0089434385,0.99105656
/home/ikk/renal-calculi-classificaction/DATASET/RESIZED/3bII/surface/3bII_1914SE.jpg,/home/ikk/renal-calculi-classificaction/DATASET/RESIZED/3bII/surface/MASKS/3bII_1914SE_mask.png,1,3bII,surface,3bII_1914SE,1,1,5,0.0052678585,0.99473214
/home/ikk/renal-calculi-classificaction/DATASET/RESIZED/3bII/section/3bII_2.png,/home/ikk/renal-calculi-classificaction/DATASET/RESIZED/3bII/section/MASKS/3bII_2_mask.png,1,3bII,section,3bII_2,1,1,5,0.042861342,0.95713866
/home/ikk/renal-calculi-classificaction/DATASET/RESIZED/3bII/section/3bII_3364SE.jpg,/home/ikk/renal-calculi-classificaction/DATASET/RESIZED/3bII/section/MASKS/3bII_3364SE_mask.png,1,3bII,section,3bII_3364SE,1,1,5,0.046060085,0.9539399
/home/ikk/renal-calculi-classificaction/DATASET/RESIZED/3bII/section/3bII_3471SE.png,/home/ikk/renal-calculi-classificaction/DATASET/RESIZED/3bII/section/MASKS/3bII_3471SE_mask.png,1,3bII,section,3bII_3471SE,1,1,5,0.053111196,0.9468888
/home/ikk/renal-calculi-classificaction/DATASET/RESIZED/3bII/section/3bII_1816SE.jpg,/home/ikk/renal-calculi-classificaction/DATASET/RESIZED/3bII/section/MASKS/3bII_1816SE_mask.png,1,3bII,section,3bII_1816SE,1,1,5,0.15487266,0.84512734
/home/ikk/renal-calculi-classificaction/DATASET/RESIZED/3bII/section/3bII_2187SE.jpg,/home/ikk/renal-calculi-classificaction/DATASET/RESIZED/3bII/section/MASKS/3bII_2187SE_mask.png,1,3bII,section,3bII_2187SE,0,1,5,0.75086445,0.24913557
/home/ikk/renal-calculi-classificaction/DATASET/RESIZED/3bII/section/3bII_5.jpg,/home/ikk/renal-calculi-classificaction/DATASET/RESIZED/3bII/section/MASKS/3bII_5_mask.png,1,3bII,section,3bII_5,1,1,5,0.03526312,0.9647369
/home/ikk/renal-calculi-classificaction/DATASET/RESIZED/3bII/section/3bII_2871SE.jpg,/home/ikk/renal-calculi-classificaction/DATASET/RESIZED/3bII/section/MASKS/3bII_2871SE_mask.png,1,3bII,section,3bII_2871SE,0,1,5,0.7085298,0.29147023
/home/ikk/renal-calculi-classificaction/DATASET/RESIZED/2a/surface/2a_1878SE.jpg,/home/ikk/renal-calculi-classificaction/DATASET/RESIZED/2a/surface/MASKS/2a_1878SE_mask.png,0,2a,surface,2a_1878SE,1,0,5,0.31282353,0.68717647
/home/ikk/renal-calculi-classificaction/DATASET/RESIZED/2a/surface/2a_2156SE.jpg,/home/ikk/renal-calculi-classificaction/DATASET/RESIZED/2a/surface/MASKS/2a_2156SE_mask.png,0,2a,surface,2a_2156SE,0,0,5,0.82532763,0.17467237
/home/ikk/renal-calculi-classificaction/DATASET/RESIZED/2a/surface/2a_1782SE_surface.jpg,/home/ikk/renal-calculi-classificaction/DATASET/RESIZED/2a/surface/MASKS/2a_1782SE_surface_mask.png,0,2a,surface,2a_1782SE,1,0,5,0.27894402,0.721056
/home/ikk/renal-calculi-classificaction/DATASET/RESIZED/2a/surface/2aCOD_sup_3187SE_1.jpg,/home/ikk/renal-calculi-classificaction/DATASET/RESIZED/2a/surface/MASKS/2aCOD_sup_3187SE_1_mask.png,0,2a,surface,2aCOD_sup_3187SE,0,0,5,0.9922543,0.0077456906
/home/ikk/renal-calculi-classificaction/DATASET/RESIZED/2a/surface/2a_3387SE.jpg,/home/ikk/renal-calculi-classificaction/DATASET/RESIZED/2a/surface/MASKS/2a_3387SE_mask.png,0,2a,surface,2a_3387SE,1,0,5,0.023248315,0.9767517
/home/ikk/renal-calculi-classificaction/DATASET/RESIZED/2a/surface/2aCOD_sup_3187SE_2.jpg,/home/ikk/renal-calculi-classificaction/DATASET/RESIZED/2a/surface/MASKS/2aCOD_sup_3187SE_2_mask.png,0,2a,surface,2aCOD_sup_3187SE,0,0,5,0.99336123,0.00663876
/home/ikk/renal-calculi-classificaction/DATASET/RESIZED/2a/surface/2a_3169SE_1.jpg,/home/ikk/renal-calculi-classificaction/DATASET/RESIZED/2a/surface/MASKS/2a_3169SE_1_mask.png,0,2a,surface,2a_3169SE,1,0,5,0.1305095,0.8694905
/home/ikk/renal-calculi-classificaction/DATASET/RESIZED/2a/surface/2a_1_surface.jpg,/home/ikk/renal-calculi-classificaction/DATASET/RESIZED/2a/surface/MASKS/2a_1_surface_mask.png,0,2a,surface,2a_1,0,0,5,0.8888832,0.111116834
/home/ikk/renal-calculi-classificaction/DATASET/RESIZED/2a/section/2a_3103SE_2.png,/home/ikk/renal-calculi-classificaction/DATASET/RESIZED/2a/section/MASKS/2a_3103SE_2_mask.png,0,2a,section,2a_3103SE,0,0,5,0.94744337,0.05255666
/home/ikk/renal-calculi-classificaction/DATASET/RESIZED/2a/section/2a_3169SE_2.jpg,/home/ikk/renal-calculi-classificaction/DATASET/RESIZED/2a/section/MASKS/2a_3169SE_2_mask.png,0,2a,section,2a_3169SE,0,0,5,0.84349227,0.15650776
/home/ikk/renal-calculi-classificaction/DATASET/RESIZED/2a/section/2aCOD_sup_3187SE_4.jpg,/home/ikk/renal-calculi-classificaction/DATASET/RESIZED/2a/section/MASKS/2aCOD_sup_3187SE_4_mask.png,0,2a,section,2aCOD_sup_3187SE,0,0,5,0.9222389,0.07776109
/home/ikk/renal-calculi-classificaction/DATASET/RESIZED/2a/section/2a_1_section.jpg,/home/ikk/renal-calculi-classificaction/DATASET/RESIZED/2a/section/MASKS/2a_1_section_mask.png,0,2a,section,2a_1,0,0,5,0.9819419,0.018058145
/home/ikk/renal-calculi-classificaction/DATASET/RESIZED/2a/section/2a_2668SE.png,/home/ikk/renal-calculi-classificaction/DATASET/RESIZED/2a/section/MASKS/2a_2668SE_mask.png,0,2a,section,2a_2668SE,0,0,5,0.5359909,0.4640091
/home/ikk/renal-calculi-classificaction/DATASET/RESIZED/2a/section/2a_2883SE.jpg,/home/ikk/renal-calculi-classificaction/DATASET/RESIZED/2a/section/MASKS/2a_2883SE_mask.png,0,2a,section,2a_2883SE,0,0,5,0.9849709,0.015029049
/home/ikk/renal-calculi-classificaction/DATASET/RESIZED/2a/section/2a_1782SE_section.jpg,/home/ikk/renal-calculi-classificaction/DATASET/RESIZED/2a/section/MASKS/2a_1782SE_section_mask.png,0,2a,section,2a_1782SE,0,0,5,0.78921914,0.21078086
/home/ikk/renal-calculi-classificaction/DATASET/RESIZED/2a/section/2a_2077SE.jpg,/home/ikk/renal-calculi-classificaction/DATASET/RESIZED/2a/section/MASKS/2a_2077SE_mask.png,0,2a,section,2a_2077SE,0,0,5,0.9069014,0.093098566
/home/ikk/renal-calculi-classificaction/DATASET/RESIZED/2a/section/2aCOD_sup_1.jpg,/home/ikk/renal-calculi-classificaction/DATASET/RESIZED/2a/section/MASKS/2aCOD_sup_1_mask.png,0,2a,section,2aCOD_sup_1,0,0,5,0.960091,0.039909013
/home/ikk/renal-calculi-classificaction/DATASET/RESIZED/2a/section/2a_2.png,/home/ikk/renal-calculi-classificaction/DATASET/RESIZED/2a/section/MASKS/2a_2_mask.png,0,2a,section,2a_2,0,0,5,0.73434734,0.26565263
/home/ikk/renal-calculi-classificaction/DATASET/RESIZED/2a/section/2a_HAP_sup_3296SE.jpg,/home/ikk/renal-calculi-classificaction/DATASET/RESIZED/2a/section/MASKS/2a_HAP_sup_3296SE_mask.png,0,2a,section,2a_HAP_sup_3296SE,0,0,5,0.7942604,0.20573965
/home/ikk/renal-calculi-classificaction/DATASET/RESIZED/2a/section/2aCOD_sup_3187SE_3.jpg,/home/ikk/renal-calculi-classificaction/DATASET/RESIZED/2a/section/MASKS/2aCOD_sup_3187SE_3_mask.png,0,2a,section,2aCOD_sup_3187SE,0,0,5,0.99066293,0.009337095
/home/ikk/renal-calculi-classificaction/DATASET/RESIZED/2a/section/2a_2218SE.jpg,/home/ikk/renal-calculi-classificaction/DATASET/RESIZED/2a/section/MASKS/2a_2218SE_mask.png,0,2a,section,2a_2218SE,0,0,5,0.7295511,0.27044892
/home/ikk/renal-calculi-classificaction/DATASET/RESIZED/2a/section/2a_2790SE.jpg,/home/ikk/renal-calculi-classificaction/DATASET/RESIZED/2a/section/MASKS/2a_2790SE_mask.png,0,2a,section,2a_2790SE,0,0,5,0.97591233,0.024087684
/home/ikk/renal-calculi-classificaction/DATASET/RESIZED/2a/section/2a_1878SE_2.jpg,/home/ikk/renal-calculi-classificaction/DATASET/RESIZED/2a/section/MASKS/2a_1878SE_2_mask.png,0,2a,section,2a_1878SE,1,0,5,0.15552455,0.84447545
/home/ikk/renal-calculi-classificaction/DATASET/RESIZED/2a/section/2a_3103SE_1.png,/home/ikk/renal-calculi-classificaction/DATASET/RESIZED/2a/section/MASKS/2a_3103SE_1_mask.png,0,2a,section,2a_3103SE,0,0,5,0.9678069,0.03219312
/home/ikk/renal-calculi-classificaction/DATASET/RESIZED/2a/section/2a_1938SE.jpg,/home/ikk/renal-calculi-classificaction/DATASET/RESIZED/2a/section/MASKS/2a_1938SE_mask.png,0,2a,section,2a_1938SE,0,0,5,0.9356334,0.0643666
/home/ikk/renal-calculi-classificaction/DATASET/RESIZED/4II-4I/surface/4I_3179SE.jpg,/home/ikk/renal-calculi-classificaction/DATASET/RESIZED/4II-4I/surface/MASKS/4I_3179SE_mask.png,1,4II-4I,surface,4I_3179SE,1,1,5,0.08086425,0.91913575
/home/ikk/renal-calculi-classificaction/DATASET/RESIZED/4II-4I/surface/4II_4.jpg,/home/ikk/renal-calculi-classificaction/DATASET/RESIZED/4II-4I/surface/MASKS/4II_4_mask.png,1,4II-4I,surface,4II_4,1,1,5,0.007093191,0.9929068
/home/ikk/renal-calculi-classificaction/DATASET/RESIZED/4II-4I/section/4II_1933SE.jpg,/home/ikk/renal-calculi-classificaction/DATASET/RESIZED/4II-4I/section/MASKS/4II_1933SE_mask.png,1,4II-4I,section,4II_1933SE,1,1,5,0.04329288,0.9567071
/home/ikk/renal-calculi-classificaction/DATASET/RESIZED/4II-4I/section/4II_9.png,/home/ikk/renal-calculi-classificaction/DATASET/RESIZED/4II-4I/section/MASKS/4II_9_mask.png,1,4II-4I,section,4II_9,1,1,5,0.013859868,0.98614013
/home/ikk/renal-calculi-classificaction/DATASET/RESIZED/4II-4I/section/4II_3012SE.jpg,/home/ikk/renal-calculi-classificaction/DATASET/RESIZED/4II-4I/section/MASKS/4II_3012SE_mask.png,1,4II-4I,section,4II_3012SE,1,1,5,0.017733037,0.98226696
/home/ikk/renal-calculi-classificaction/DATASET/RESIZED/4II-4I/section/4I_COM_3445SE.jpg,/home/ikk/renal-calculi-classificaction/DATASET/RESIZED/4II-4I/section/MASKS/4I_COM_3445SE_mask.png,1,4II-4I,section,4I_COM_3445SE,1,1,5,0.04290092,0.9570991
/home/ikk/renal-calculi-classificaction/DATASET/RESIZED/4II-4I/section/4I_1931SE.jpg,/home/ikk/renal-calculi-classificaction/DATASET/RESIZED/4II-4I/section/MASKS/4I_1931SE_mask.png,1,4II-4I,section,4I_1931SE,1,1,5,0.20298779,0.7970122
/home/ikk/renal-calculi-classificaction/DATASET/RESIZED/4II-4I/section/4II_2620SE.png,/home/ikk/renal-calculi-classificaction/DATASET/RESIZED/4II-4I/section/MASKS/4II_2620SE_mask.png,1,4II-4I,section,4II_2620SE,1,1,5,0.3533336,0.6466664
/home/ikk/renal-calculi-classificaction/DATASET/RESIZED/4II-4I/section/4II_1933SE_2.jpg,/home/ikk/renal-calculi-classificaction/DATASET/RESIZED/4II-4I/section/MASKS/4II_1933SE_2_mask.png,1,4II-4I,section,4II_1933SE,1,1,5,0.0071153045,0.9928847
/home/ikk/renal-calculi-classificaction/DATASET/RESIZED/4II-4I/section/4I_1931SE_2.jpg,/home/ikk/renal-calculi-classificaction/DATASET/RESIZED/4II-4I/section/MASKS/4I_1931SE_2_mask.png,1,4II-4I,section,4I_1931SE,1,1,5,0.048085332,0.95191467
/home/ikk/renal-calculi-classificaction/DATASET/RESIZED/4II-4I/section/4II_3040SE.png,/home/ikk/renal-calculi-classificaction/DATASET/RESIZED/4II-4I/section/MASKS/4II_3040SE_mask.png,1,4II-4I,section,4II_3040SE,1,1,5,0.30904615,0.69095385
/home/ikk/renal-calculi-classificaction/DATASET/RESIZED/4II-4I/section/4I_COM_1892SE_2.jpg,/home/ikk/renal-calculi-classificaction/DATASET/RESIZED/4II-4I/section/MASKS/4I_COM_1892SE_2_mask.png,1,4II-4I,section,4I_COM_1892SE,0,1,5,0.8398472,0.16015282
/home/ikk/renal-calculi-classificaction/DATASET/RESIZED/1aI/surface/1aI_2004SE_1.jpg,/home/ikk/renal-calculi-classificaction/DATASET/RESIZED/1aI/surface/MASKS/1aI_2004SE_1_mask.png,0,1aI,surface,1aI_2004SE,1,0,5,0.29732686,0.70267314
/home/ikk/renal-calculi-classificaction/DATASET/RESIZED/1aI/surface/1aI_3206SE_1.jpg,/home/ikk/renal-calculi-classificaction/DATASET/RESIZED/1aI/surface/MASKS/1aI_3206SE_1_mask.png,0,1aI,surface,1aI_3206SE,0,0,5,0.9565288,0.04347124
/home/ikk/renal-calculi-classificaction/DATASET/RESIZED/1aI/surface/1aI_2857SE_1.jpg,/home/ikk/renal-calculi-classificaction/DATASET/RESIZED/1aI/surface/MASKS/1aI_2857SE_1_mask.png,0,1aI,surface,1aI_2857SE,0,0,5,0.93644905,0.06355097
/home/ikk/renal-calculi-classificaction/DATASET/RESIZED/1aI/surface/1aI_2781SE.jpg,/home/ikk/renal-calculi-classificaction/DATASET/RESIZED/1aI/surface/MASKS/1aI_2781SE_mask.png,0,1aI,surface,1aI_2781SE,0,0,5,0.9269172,0.0730828
/home/ikk/renal-calculi-classificaction/DATASET/RESIZED/1aI/surface/1aI_COD_sup_2147SE_2.jpg,/home/ikk/renal-calculi-classificaction/DATASET/RESIZED/1aI/surface/MASKS/1aI_COD_sup_2147SE_2_mask.png,0,1aI,surface,1aI_COD_sup_2147SE,0,0,5,0.96161574,0.03838428
/home/ikk/renal-calculi-classificaction/DATASET/RESIZED/1aI/surface/1aI_2895SE.jpg,/home/ikk/renal-calculi-classificaction/DATASET/RESIZED/1aI/surface/MASKS/1aI_2895SE_mask.png,0,1aI,surface,1aI_2895SE,1,0,5,0.13680351,0.8631965
/home/ikk/renal-calculi-classificaction/DATASET/RESIZED/1aI/surface/1aI_2138SE_1.jpg,/home/ikk/renal-calculi-classificaction/DATASET/RESIZED/1aI/surface/MASKS/1aI_2138SE_1_mask.png,0,1aI,surface,1aI_2138SE,0,0,5,0.72460014,0.27539986
/home/ikk/renal-calculi-classificaction/DATASET/RESIZED/1aI/surface/1aI_2004SE_2.jpg,/home/ikk/renal-calculi-classificaction/DATASET/RESIZED/1aI/surface/MASKS/1aI_2004SE_2_mask.png,0,1aI,surface,1aI_2004SE,0,0,5,0.72637653,0.27362344
/home/ikk/renal-calculi-classificaction/DATASET/RESIZED/1aI/surface/1aI_COD_sup_1829SE.jpg,/home/ikk/renal-calculi-classificaction/DATASET/RESIZED/1aI/surface/MASKS/1aI_COD_sup_1829SE_mask.png,0,1aI,surface,1aI_COD_sup_1829SE,1,0,5,0.31620067,0.6837993
/home/ikk/renal-calculi-classificaction/DATASET/RESIZED/1aI/surface/1aI_1917SE.jpg,/home/ikk/renal-calculi-classificaction/DATASET/RESIZED/1aI/surface/MASKS/1aI_1917SE_mask.png,0,1aI,surface,1aI_1917SE,0,0,5,0.97313637,0.026863633
/home/ikk/renal-calculi-classificaction/DATASET/RESIZED/1aI/surface/1aI_1794SE.jpg,/home/ikk/renal-calculi-classificaction/DATASET/RESIZED/1aI/surface/MASKS/1aI_1794SE_mask.png,0,1aI,surface,1aI_1794SE,0,0,5,0.5956011,0.4043989
/home/ikk/renal-calculi-classificaction/DATASET/RESIZED/1aI/surface/1aI_COD_sup_2147SE_1.jpg,/home/ikk/renal-calculi-classificaction/DATASET/RESIZED/1aI/surface/MASKS/1aI_COD_sup_2147SE_1_mask.png,0,1aI,surface,1aI_COD_sup_2147SE,0,0,5,0.86973965,0.13026033
/home/ikk/renal-calculi-classificaction/DATASET/RESIZED/1aI/section/1aI_2138SE_2.jpg,/home/ikk/renal-calculi-classificaction/DATASET/RESIZED/1aI/section/MASKS/1aI_2138SE_2_mask.png,0,1aI,section,1aI_2138SE,0,0,5,0.9955449,0.0044551
